solid OpenSCAD_Model
  facet normal 0.499968 0.866044 -0
    outer loop
      vertex 96.4645 24.3601 3.8147e-07
      vertex 96.1191 24.5595 102.4
      vertex 96.4645 24.3601 102.4
    endloop
  endfacet
  facet normal 0.499968 0.866044 0
    outer loop
      vertex 96.1191 24.5595 102.4
      vertex 96.4645 24.3601 3.8147e-07
      vertex 96.1191 24.5595 3.8147e-07
    endloop
  endfacet
  facet normal -0.921456 -0.388484 0
    outer loop
      vertex 0.396124 -61.7355 3.8147e-07
      vertex 0.241229 -61.3681 102.4
      vertex 0.241229 -61.3681 3.8147e-07
    endloop
  endfacet
  facet normal -0.921456 -0.388484 0
    outer loop
      vertex 0.241229 -61.3681 102.4
      vertex 0.396124 -61.7355 3.8147e-07
      vertex 0.396124 -61.7355 102.4
    endloop
  endfacet
  facet normal 0.969071 -0.246782 0
    outer loop
      vertex 98.1166 -61.179 102.4
      vertex 98.215 -60.7926 3.8147e-07
      vertex 98.215 -60.7926 102.4
    endloop
  endfacet
  facet normal 0.969071 -0.246782 0
    outer loop
      vertex 98.215 -60.7926 3.8147e-07
      vertex 98.1166 -61.179 102.4
      vertex 98.1166 -61.179 3.8147e-07
    endloop
  endfacet
  facet normal -1 0 0
    outer loop
      vertex 0.0049715 10 94.4
      vertex 0.0049715 21.1994 102.4
      vertex 0.0049715 21.1994 3.8147e-07
    endloop
  endfacet
  facet normal -1 -0 0
    outer loop
      vertex 0.0049715 21.1994 102.4
      vertex 0.0049715 10 94.4
      vertex 0.0049715 20 102.4
    endloop
  endfacet
  facet normal -1 0 0
    outer loop
      vertex 0.0049715 21.1994 3.8147e-07
      vertex 0.0049715 0 94.4
      vertex 0.0049715 10 94.4
    endloop
  endfacet
  facet normal -1 0 0
    outer loop
      vertex 0.0049715 -60.1994 3.8147e-07
      vertex 0.0049715 0 94.4
      vertex 0.0049715 21.1994 3.8147e-07
    endloop
  endfacet
  facet normal -1 0 0
    outer loop
      vertex 0.0049715 -60.1994 102.4
      vertex 0.0049715 0 94.4
      vertex 0.0049715 -60.1994 3.8147e-07
    endloop
  endfacet
  facet normal -1 0 0
    outer loop
      vertex 0.0049715 0 94.4
      vertex 0.0049715 -60.1994 102.4
      vertex 0.0049715 0 102.4
    endloop
  endfacet
  facet normal -1 -0 0
    outer loop
      vertex 0.0049715 20 102.4
      vertex 0.0049715 10 94.4
      vertex 0.0049715 10 102.4
    endloop
  endfacet
  facet normal 0.583869 0.811848 -0
    outer loop
      vertex 96.7882 24.1273 3.8147e-07
      vertex 96.4645 24.3601 102.4
      vertex 96.7882 24.1273 102.4
    endloop
  endfacet
  facet normal 0.583869 0.811848 0
    outer loop
      vertex 96.4645 24.3601 102.4
      vertex 96.7882 24.1273 3.8147e-07
      vertex 96.4645 24.3601 3.8147e-07
    endloop
  endfacet
  facet normal -0.826258 0.563292 0
    outer loop
      vertex 0.586836 23.0857 3.8147e-07
      vertex 0.811469 23.4152 102.4
      vertex 0.811469 23.4152 3.8147e-07
    endloop
  endfacet
  facet normal -0.826258 0.563292 0
    outer loop
      vertex 0.811469 23.4152 102.4
      vertex 0.586836 23.0857 3.8147e-07
      vertex 0.586836 23.0857 102.4
    endloop
  endfacet
  facet normal -0.270831 -0.962627 0
    outer loop
      vertex 2.72605 -63.7917 94.4
      vertex 3.10992 -63.8997 102.4
      vertex 2.72605 -63.7917 102.4
    endloop
  endfacet
  facet normal -0.270831 -0.962627 -0
    outer loop
      vertex 3.10992 -63.8997 102.4
      vertex 2.72605 -63.7917 94.4
      vertex 3.10992 -63.8997 94.4
    endloop
  endfacet
  facet normal -0.270831 -0.962627 0
    outer loop
      vertex 2.72605 -63.7917 3.8147e-07
      vertex 3.10992 -63.8997 2.4
      vertex 2.72605 -63.7917 2.4
    endloop
  endfacet
  facet normal -0.270831 -0.962627 -0
    outer loop
      vertex 3.10992 -63.8997 2.4
      vertex 2.72605 -63.7917 3.8147e-07
      vertex 3.10992 -63.8997 3.8147e-07
    endloop
  endfacet
  facet normal -0.980166 -0.198178 0
    outer loop
      vertex 0.123691 -60.987 3.8147e-07
      vertex 0.0446758 -60.5962 102.4
      vertex 0.0446758 -60.5962 3.8147e-07
    endloop
  endfacet
  facet normal -0.980166 -0.198178 0
    outer loop
      vertex 0.0446758 -60.5962 102.4
      vertex 0.123691 -60.987 3.8147e-07
      vertex 0.123691 -60.987 102.4
    endloop
  endfacet
  facet normal -0.270831 0.962627 0
    outer loop
      vertex 3.10992 24.8997 3.8147e-07
      vertex 2.72605 24.7917 2.4
      vertex 3.10992 24.8997 2.4
    endloop
  endfacet
  facet normal -0.270831 0.962627 0
    outer loop
      vertex 2.72605 24.7917 2.4
      vertex 3.10992 24.8997 3.8147e-07
      vertex 2.72605 24.7917 3.8147e-07
    endloop
  endfacet
  facet normal -0.270831 0.962627 0
    outer loop
      vertex 3.10992 24.8997 94.4
      vertex 2.72605 24.7917 102.4
      vertex 3.10992 24.8997 102.4
    endloop
  endfacet
  facet normal -0.270831 0.962627 0
    outer loop
      vertex 2.72605 24.7917 102.4
      vertex 3.10992 24.8997 94.4
      vertex 2.72605 24.7917 94.4
    endloop
  endfacet
  facet normal 0.853238 0.521521 0
    outer loop
      vertex 97.8072 22.913 102.4
      vertex 97.5992 23.2533 3.8147e-07
      vertex 97.5992 23.2533 102.4
    endloop
  endfacet
  facet normal 0.853238 0.521521 0
    outer loop
      vertex 97.5992 23.2533 3.8147e-07
      vertex 97.8072 22.913 102.4
      vertex 97.8072 22.913 3.8147e-07
    endloop
  endfacet
  facet normal -0.878218 0.47826 0
    outer loop
      vertex 0.396124 22.7355 3.8147e-07
      vertex 0.586836 23.0857 102.4
      vertex 0.586836 23.0857 3.8147e-07
    endloop
  endfacet
  facet normal -0.878218 0.47826 0
    outer loop
      vertex 0.586836 23.0857 102.4
      vertex 0.396124 22.7355 3.8147e-07
      vertex 0.396124 22.7355 102.4
    endloop
  endfacet
  facet normal 0.411251 0.911522 -1.11276e-06
    outer loop
      vertex 96.1191 24.5595 102.4
      vertex 95.8285 24.6906 94.4
      vertex 95.7556 24.7235 102.4
    endloop
  endfacet
  facet normal 0.411225 0.911534 -0
    outer loop
      vertex 96.1191 24.5595 3.8147e-07
      vertex 95.8285 24.6906 94.4
      vertex 96.1191 24.5595 102.4
    endloop
  endfacet
  facet normal 0.411225 0.911534 0
    outer loop
      vertex 95.8285 24.6906 94.4
      vertex 96.1191 24.5595 3.8147e-07
      vertex 95.8285 24.6906 2.4
    endloop
  endfacet
  facet normal 0.411251 0.911522 3.7092e-06
    outer loop
      vertex 95.7556 24.7235 3.8147e-07
      vertex 95.8285 24.6906 2.4
      vertex 96.1191 24.5595 3.8147e-07
    endloop
  endfacet
  facet normal 0.411352 0.911476 0
    outer loop
      vertex 95.8285 24.6906 2.4
      vertex 95.7556 24.7235 3.8147e-07
      vertex 95.7556 24.7235 2.4
    endloop
  endfacet
  facet normal 0.411352 0.911476 0
    outer loop
      vertex 95.7556 24.7235 102.4
      vertex 95.8285 24.6906 94.4
      vertex 95.7556 24.7235 94.4
    endloop
  endfacet
  facet normal 0.318484 -0.947928 0
    outer loop
      vertex 95.3776 -63.8505 94.4
      vertex 95.7556 -63.7235 102.4
      vertex 95.3776 -63.8505 102.4
    endloop
  endfacet
  facet normal 0.318484 -0.947928 0
    outer loop
      vertex 95.7556 -63.7235 102.4
      vertex 95.3776 -63.8505 94.4
      vertex 95.7556 -63.7235 94.4
    endloop
  endfacet
  facet normal 0.318484 -0.947928 0
    outer loop
      vertex 95.3776 -63.8505 3.8147e-07
      vertex 95.7556 -63.7235 2.4
      vertex 95.3776 -63.8505 2.4
    endloop
  endfacet
  facet normal 0.318484 -0.947928 0
    outer loop
      vertex 95.7556 -63.7235 2.4
      vertex 95.3776 -63.8505 3.8147e-07
      vertex 95.7556 -63.7235 3.8147e-07
    endloop
  endfacet
  facet normal -0.542452 0.840087 0
    outer loop
      vertex 2 24.4641 3.8147e-07
      vertex 1.66502 24.2478 102.4
      vertex 2 24.4641 102.4
    endloop
  endfacet
  facet normal -0.542452 0.840087 0
    outer loop
      vertex 1.66502 24.2478 102.4
      vertex 2 24.4641 3.8147e-07
      vertex 1.66502 24.2478 3.8147e-07
    endloop
  endfacet
  facet normal 0.998754 0.0499001 0
    outer loop
      vertex 98.2943 21 102.4
      vertex 98.2744 21.3983 3.8147e-07
      vertex 98.2744 21.3983 102.4
    endloop
  endfacet
  facet normal 0.998754 0.0499001 0
    outer loop
      vertex 98.2744 21.3983 3.8147e-07
      vertex 98.2943 21 102.4
      vertex 98.2943 21 3.8147e-07
    endloop
  endfacet
  facet normal -0.980166 0.198178 0
    outer loop
      vertex 0.0446758 21.5962 3.8147e-07
      vertex 0.123691 21.987 102.4
      vertex 0.123691 21.987 3.8147e-07
    endloop
  endfacet
  facet normal -0.980166 0.198178 0
    outer loop
      vertex 0.123691 21.987 102.4
      vertex 0.0446758 21.5962 3.8147e-07
      vertex 0.0446758 21.5962 102.4
    endloop
  endfacet
  facet normal -0.173785 -0.984784 0
    outer loop
      vertex 3.10992 -63.8997 94.4
      vertex 3.50262 -63.969 102.4
      vertex 3.10992 -63.8997 102.4
    endloop
  endfacet
  facet normal -0.173785 -0.984784 -0
    outer loop
      vertex 3.50262 -63.969 102.4
      vertex 3.10992 -63.8997 94.4
      vertex 3.50262 -63.969 94.4
    endloop
  endfacet
  facet normal -0.173785 -0.984784 0
    outer loop
      vertex 3.10992 -63.8997 3.8147e-07
      vertex 3.50262 -63.969 2.4
      vertex 3.10992 -63.8997 2.4
    endloop
  endfacet
  facet normal -0.173785 -0.984784 -0
    outer loop
      vertex 3.50262 -63.969 2.4
      vertex 3.10992 -63.8997 3.8147e-07
      vertex 3.50262 -63.969 3.8147e-07
    endloop
  endfacet
  facet normal -0.365427 0.93084 0
    outer loop
      vertex 2.72605 24.7917 2.4
      vertex 2.72605 24.7917 3.8147e-07
      vertex 2.4 24.6637 2.4
    endloop
  endfacet
  facet normal -0.365373 0.930861 0
    outer loop
      vertex 2.72605 24.7917 94.4
      vertex 2.35485 24.646 102.4
      vertex 2.72605 24.7917 102.4
    endloop
  endfacet
  facet normal -0.365427 0.93084 -2.89594e-06
    outer loop
      vertex 2.4 24.6637 94.4
      vertex 2.35485 24.646 102.4
      vertex 2.72605 24.7917 94.4
    endloop
  endfacet
  facet normal -0.364982 0.931014 0
    outer loop
      vertex 2.35485 24.646 3.8147e-07
      vertex 2.4 24.6637 94.4
      vertex 2.4 24.6637 2.4
    endloop
  endfacet
  facet normal -0.364982 0.931014 0
    outer loop
      vertex 2.4 24.6637 94.4
      vertex 2.35485 24.646 3.8147e-07
      vertex 2.35485 24.646 102.4
    endloop
  endfacet
  facet normal -0.365373 0.930861 8.47919e-06
    outer loop
      vertex 2.35485 24.646 3.8147e-07
      vertex 2.4 24.6637 2.4
      vertex 2.72605 24.7917 3.8147e-07
    endloop
  endfacet
  facet normal 0.797162 0.603766 0
    outer loop
      vertex 97.5992 23.2533 102.4
      vertex 97.3585 23.5711 3.8147e-07
      vertex 97.3585 23.5711 102.4
    endloop
  endfacet
  facet normal 0.797162 0.603766 0
    outer loop
      vertex 97.3585 23.5711 3.8147e-07
      vertex 97.5992 23.2533 102.4
      vertex 97.5992 23.2533 3.8147e-07
    endloop
  endfacet
  facet normal -0.995031 0.0995641 0
    outer loop
      vertex 0.0049715 21.1994 3.8147e-07
      vertex 0.0446758 21.5962 102.4
      vertex 0.0446758 21.5962 3.8147e-07
    endloop
  endfacet
  facet normal -0.995031 0.0995641 0
    outer loop
      vertex 0.0446758 21.5962 102.4
      vertex 0.0049715 21.1994 3.8147e-07
      vertex 0.0049715 21.1994 102.4
    endloop
  endfacet
  facet normal 0.998754 -0.0499001 0
    outer loop
      vertex 98.2744 -60.3983 102.4
      vertex 98.2943 -60 3.8147e-07
      vertex 98.2943 -60 102.4
    endloop
  endfacet
  facet normal 0.998754 -0.0499001 0
    outer loop
      vertex 98.2943 -60 3.8147e-07
      vertex 98.2744 -60.3983 102.4
      vertex 98.2744 -60.3983 3.8147e-07
    endloop
  endfacet
  facet normal 0.499968 -0.866044 0
    outer loop
      vertex 96.1191 -63.5595 3.8147e-07
      vertex 96.4645 -63.3601 102.4
      vertex 96.1191 -63.5595 102.4
    endloop
  endfacet
  facet normal 0.499968 -0.866044 0
    outer loop
      vertex 96.4645 -63.3601 102.4
      vertex 96.1191 -63.5595 3.8147e-07
      vertex 96.4645 -63.3601 3.8147e-07
    endloop
  endfacet
  facet normal -0.878218 -0.47826 0
    outer loop
      vertex 0.586836 -62.0857 3.8147e-07
      vertex 0.396124 -61.7355 102.4
      vertex 0.396124 -61.7355 3.8147e-07
    endloop
  endfacet
  facet normal -0.878218 -0.47826 0
    outer loop
      vertex 0.396124 -61.7355 102.4
      vertex 0.586836 -62.0857 3.8147e-07
      vertex 0.586836 -62.0857 102.4
    endloop
  endfacet
  facet normal 0.583869 -0.811848 0
    outer loop
      vertex 96.4645 -63.3601 3.8147e-07
      vertex 96.7882 -63.1273 102.4
      vertex 96.4645 -63.3601 102.4
    endloop
  endfacet
  facet normal 0.583869 -0.811848 0
    outer loop
      vertex 96.7882 -63.1273 102.4
      vertex 96.4645 -63.3601 3.8147e-07
      vertex 96.7882 -63.1273 3.8147e-07
    endloop
  endfacet
  facet normal -0.921456 0.388484 0
    outer loop
      vertex 0.241229 22.3681 3.8147e-07
      vertex 0.396124 22.7355 102.4
      vertex 0.396124 22.7355 3.8147e-07
    endloop
  endfacet
  facet normal -0.921456 0.388484 0
    outer loop
      vertex 0.396124 22.7355 102.4
      vertex 0.241229 22.3681 3.8147e-07
      vertex 0.241229 22.3681 102.4
    endloop
  endfacet
  facet normal 0 -1 0
    outer loop
      vertex 3.90028 -63.9988 3.8147e-07
      vertex 32.4 -63.9988 2.4
      vertex 3.90028 -63.9988 2.4
    endloop
  endfacet
  facet normal 0 -1 -0
    outer loop
      vertex 32.4 -63.9988 2.4
      vertex 3.90028 -63.9988 3.8147e-07
      vertex 34.8 -63.9988 2.4
    endloop
  endfacet
  facet normal 0 -1 -0
    outer loop
      vertex 34.8 -63.9988 2.4
      vertex 3.90028 -63.9988 3.8147e-07
      vertex 66.8 -63.9988 2.4
    endloop
  endfacet
  facet normal 0 -1 0
    outer loop
      vertex 94.1945 -63.9988 3.8147e-07
      vertex 66.8 -63.9988 2.4
      vertex 3.90028 -63.9988 3.8147e-07
    endloop
  endfacet
  facet normal 0 -1 0
    outer loop
      vertex 66.8 -63.9988 2.4
      vertex 94.1945 -63.9988 3.8147e-07
      vertex 69.2 -63.9988 2.4
    endloop
  endfacet
  facet normal 0 -1 0
    outer loop
      vertex 69.2 -63.9988 2.4
      vertex 94.1945 -63.9988 3.8147e-07
      vertex 94.1945 -63.9988 2.4
    endloop
  endfacet
  facet normal 0 -1 0
    outer loop
      vertex 32.4 -63.9988 2.4
      vertex 34.8 -63.9988 94.4
      vertex 32.4 -63.9988 94.4
    endloop
  endfacet
  facet normal 0 -1 -0
    outer loop
      vertex 34.8 -63.9988 94.4
      vertex 32.4 -63.9988 2.4
      vertex 34.8 -63.9988 2.4
    endloop
  endfacet
  facet normal 0 -1 0
    outer loop
      vertex 66.8 -63.9988 2.4
      vertex 69.2 -63.9988 94.4
      vertex 66.8 -63.9988 94.4
    endloop
  endfacet
  facet normal 0 -1 -0
    outer loop
      vertex 69.2 -63.9988 94.4
      vertex 66.8 -63.9988 2.4
      vertex 69.2 -63.9988 2.4
    endloop
  endfacet
  facet normal 0 -1 0
    outer loop
      vertex 3.90028 -63.9988 94.4
      vertex 21.1471 -63.9988 102.4
      vertex 3.90028 -63.9988 102.4
    endloop
  endfacet
  facet normal 0 -1 -0
    outer loop
      vertex 21.1471 -63.9988 102.4
      vertex 3.90028 -63.9988 94.4
      vertex 21.1471 -63.9988 94.4
    endloop
  endfacet
  facet normal 0 -1 0
    outer loop
      vertex 77.1471 -63.9988 94.4
      vertex 94.1945 -63.9988 102.4
      vertex 77.1471 -63.9988 102.4
    endloop
  endfacet
  facet normal 0 -1 -0
    outer loop
      vertex 94.1945 -63.9988 102.4
      vertex 77.1471 -63.9988 94.4
      vertex 94.1945 -63.9988 94.4
    endloop
  endfacet
  facet normal 0.988842 -0.148966 0
    outer loop
      vertex 98.215 -60.7926 102.4
      vertex 98.2744 -60.3983 3.8147e-07
      vertex 98.2744 -60.3983 102.4
    endloop
  endfacet
  facet normal 0.988842 -0.148966 0
    outer loop
      vertex 98.2744 -60.3983 3.8147e-07
      vertex 98.215 -60.7926 102.4
      vertex 98.215 -60.7926 3.8147e-07
    endloop
  endfacet
  facet normal 0.124374 -0.992235 0
    outer loop
      vertex 94.5932 -63.9888 3.8147e-07
      vertex 94.9889 -63.9392 2.4
      vertex 94.5932 -63.9888 2.4
    endloop
  endfacet
  facet normal 0.124374 -0.992235 0
    outer loop
      vertex 94.9889 -63.9392 2.4
      vertex 94.5932 -63.9888 3.8147e-07
      vertex 94.9889 -63.9392 3.8147e-07
    endloop
  endfacet
  facet normal 0.124374 -0.992235 0
    outer loop
      vertex 94.5932 -63.9888 94.4
      vertex 94.9889 -63.9392 102.4
      vertex 94.5932 -63.9888 102.4
    endloop
  endfacet
  facet normal 0.124374 -0.992235 0
    outer loop
      vertex 94.9889 -63.9392 102.4
      vertex 94.5932 -63.9888 94.4
      vertex 94.9889 -63.9392 94.4
    endloop
  endfacet
  facet normal -0.0747289 -0.997204 0
    outer loop
      vertex 3.50262 -63.969 94.4
      vertex 3.90028 -63.9988 102.4
      vertex 3.50262 -63.969 102.4
    endloop
  endfacet
  facet normal -0.0747289 -0.997204 -0
    outer loop
      vertex 3.90028 -63.9988 102.4
      vertex 3.50262 -63.969 94.4
      vertex 3.90028 -63.9988 94.4
    endloop
  endfacet
  facet normal -0.0747289 -0.997204 0
    outer loop
      vertex 3.50262 -63.969 3.8147e-07
      vertex 3.90028 -63.9988 2.4
      vertex 3.50262 -63.969 2.4
    endloop
  endfacet
  facet normal -0.0747289 -0.997204 -0
    outer loop
      vertex 3.90028 -63.9988 2.4
      vertex 3.50262 -63.969 3.8147e-07
      vertex 3.90028 -63.9988 3.8147e-07
    endloop
  endfacet
  facet normal -0.995031 -0.0995641 0
    outer loop
      vertex 0.0446758 -60.5962 3.8147e-07
      vertex 0.0049715 -60.1994 102.4
      vertex 0.0049715 -60.1994 3.8147e-07
    endloop
  endfacet
  facet normal -0.995031 -0.0995641 0
    outer loop
      vertex 0.0049715 -60.1994 102.4
      vertex 0.0446758 -60.5962 3.8147e-07
      vertex 0.0446758 -60.5962 102.4
    endloop
  endfacet
  facet normal -0.456169 -0.889893 0
    outer loop
      vertex 2 -63.4641 3.8147e-07
      vertex 2.35485 -63.646 102.4
      vertex 2 -63.4641 102.4
    endloop
  endfacet
  facet normal -0.456169 -0.889893 -0
    outer loop
      vertex 2.35485 -63.646 102.4
      vertex 2 -63.4641 3.8147e-07
      vertex 2.35485 -63.646 3.8147e-07
    endloop
  endfacet
  facet normal 0.939676 -0.342065 0
    outer loop
      vertex 97.9802 -61.5537 102.4
      vertex 98.1166 -61.179 3.8147e-07
      vertex 98.1166 -61.179 102.4
    endloop
  endfacet
  facet normal 0.939676 -0.342065 0
    outer loop
      vertex 98.1166 -61.179 3.8147e-07
      vertex 97.9802 -61.5537 102.4
      vertex 97.9802 -61.5537 3.8147e-07
    endloop
  endfacet
  facet normal 0.733061 0.680163 0
    outer loop
      vertex 97.3585 23.5711 102.4
      vertex 97.0872 23.8635 3.8147e-07
      vertex 97.0872 23.8635 102.4
    endloop
  endfacet
  facet normal 0.733061 0.680163 0
    outer loop
      vertex 97.0872 23.8635 3.8147e-07
      vertex 97.3585 23.5711 102.4
      vertex 97.3585 23.5711 3.8147e-07
    endloop
  endfacet
  facet normal 0.318484 0.947928 -0
    outer loop
      vertex 95.7556 24.7235 3.8147e-07
      vertex 95.3776 24.8505 2.4
      vertex 95.7556 24.7235 2.4
    endloop
  endfacet
  facet normal 0.318484 0.947928 0
    outer loop
      vertex 95.3776 24.8505 2.4
      vertex 95.7556 24.7235 3.8147e-07
      vertex 95.3776 24.8505 3.8147e-07
    endloop
  endfacet
  facet normal 0.318484 0.947928 -0
    outer loop
      vertex 95.7556 24.7235 94.4
      vertex 95.3776 24.8505 102.4
      vertex 95.7556 24.7235 102.4
    endloop
  endfacet
  facet normal 0.318484 0.947928 0
    outer loop
      vertex 95.3776 24.8505 102.4
      vertex 95.7556 24.7235 94.4
      vertex 95.3776 24.8505 94.4
    endloop
  endfacet
  facet normal 1 0 0
    outer loop
      vertex 98.2943 0 152.4
      vertex 98.2943 10 152.4
      vertex 98.2943 9.99605 152.599
    endloop
  endfacet
  facet normal 1 -0 0
    outer loop
      vertex 98.2943 20 102.4
      vertex 98.2943 21 3.8147e-07
      vertex 98.2943 21 102.4
    endloop
  endfacet
  facet normal 1 0 0
    outer loop
      vertex 98.2943 0 102.4
      vertex 98.2943 20 102.4
      vertex 98.2943 10 112.4
    endloop
  endfacet
  facet normal 1 0 0
    outer loop
      vertex 98.2943 0 152.4
      vertex 98.2943 9.99605 152.599
      vertex 98.2943 9.96446 152.995
    endloop
  endfacet
  facet normal 1 0 0
    outer loop
      vertex 98.2943 0 152.4
      vertex 98.2943 9.96446 152.995
      vertex 98.2943 9.90149 153.388
    endloop
  endfacet
  facet normal 1 0 0
    outer loop
      vertex 98.2943 0 152.4
      vertex 98.2943 9.90149 153.388
      vertex 98.2943 9.80752 153.774
    endloop
  endfacet
  facet normal 1 0 0
    outer loop
      vertex 98.2943 0 152.4
      vertex 98.2943 9.80752 153.774
      vertex 98.2943 9.68317 154.152
    endloop
  endfacet
  facet normal 1 0 0
    outer loop
      vertex 98.2943 0 152.4
      vertex 98.2943 9.68317 154.152
      vertex 98.2943 9.5292 154.518
    endloop
  endfacet
  facet normal 1 0 0
    outer loop
      vertex 98.2943 0 152.4
      vertex 98.2943 9.5292 154.518
      vertex 98.2943 9.3466 154.871
    endloop
  endfacet
  facet normal 1 0 0
    outer loop
      vertex 98.2943 0 152.4
      vertex 98.2943 9.3466 154.871
      vertex 98.2943 9.13652 155.209
    endloop
  endfacet
  facet normal 1 0 0
    outer loop
      vertex 98.2943 0 152.4
      vertex 98.2943 9.13652 155.209
      vertex 98.2943 8.90029 155.529
    endloop
  endfacet
  facet normal 1 0 0
    outer loop
      vertex 98.2943 0 152.4
      vertex 98.2943 8.90029 155.529
      vertex 98.2943 8.63939 155.829
    endloop
  endfacet
  facet normal 1 0 0
    outer loop
      vertex 98.2943 0 152.4
      vertex 98.2943 8.63939 155.829
      vertex 98.2943 8.35549 156.107
    endloop
  endfacet
  facet normal 1 0 0
    outer loop
      vertex 98.2943 0 152.4
      vertex 98.2943 8.35549 156.107
      vertex 98.2943 8.05037 156.362
    endloop
  endfacet
  facet normal 1 0 0
    outer loop
      vertex 98.2943 0 152.4
      vertex 98.2943 8.05037 156.362
      vertex 98.2943 7.72597 156.592
    endloop
  endfacet
  facet normal 1 0 0
    outer loop
      vertex 98.2943 0 152.4
      vertex 98.2943 7.72597 156.592
      vertex 98.2943 7.38434 156.795
    endloop
  endfacet
  facet normal 1 0 0
    outer loop
      vertex 98.2943 0 152.4
      vertex 98.2943 7.38434 156.795
      vertex 98.2943 7.02763 156.97
    endloop
  endfacet
  facet normal 1 0 0
    outer loop
      vertex 98.2943 0 152.4
      vertex 98.2943 7.02763 156.97
      vertex 98.2943 6.6581 157.117
    endloop
  endfacet
  facet normal 1 0 0
    outer loop
      vertex 98.2943 0 152.4
      vertex 98.2943 6.6581 157.117
      vertex 98.2943 6.27808 157.234
    endloop
  endfacet
  facet normal 1 0 0
    outer loop
      vertex 98.2943 0 152.4
      vertex 98.2943 6.27808 157.234
      vertex 98.2943 5.88999 157.32
    endloop
  endfacet
  facet normal 1 0 0
    outer loop
      vertex 98.2943 0 152.4
      vertex 98.2943 5.88999 157.32
      vertex 98.2943 5.49627 157.375
    endloop
  endfacet
  facet normal 1 0 0
    outer loop
      vertex 98.2943 10 152.4
      vertex 98.2943 0 152.4
      vertex 98.2943 10 112.4
    endloop
  endfacet
  facet normal 1 0 0
    outer loop
      vertex 98.2943 0 152.4
      vertex 98.2943 5.49627 157.375
      vertex 98.2943 5.09941 157.399
    endloop
  endfacet
  facet normal 1 0 0
    outer loop
      vertex 98.2943 0 152.4
      vertex 98.2943 5.09941 157.399
      vertex 98.2943 4.70192 157.391
    endloop
  endfacet
  facet normal 1 0 0
    outer loop
      vertex 98.2943 0 152.4
      vertex 98.2943 4.70192 157.391
      vertex 98.2943 4.30632 157.352
    endloop
  endfacet
  facet normal 1 0 0
    outer loop
      vertex 98.2943 0 152.4
      vertex 98.2943 4.30632 157.352
      vertex 98.2943 3.91511 157.281
    endloop
  endfacet
  facet normal 1 0 0
    outer loop
      vertex 98.2943 0 152.4
      vertex 98.2943 3.91511 157.281
      vertex 98.2943 3.53075 157.179
    endloop
  endfacet
  facet normal 1 0 0
    outer loop
      vertex 98.2943 0 152.4
      vertex 98.2943 3.53075 157.179
      vertex 98.2943 3.15568 157.047
    endloop
  endfacet
  facet normal 1 0 0
    outer loop
      vertex 98.2943 0 152.4
      vertex 98.2943 3.15568 157.047
      vertex 98.2943 2.79227 156.886
    endloop
  endfacet
  facet normal 1 0 0
    outer loop
      vertex 98.2943 0 152.4
      vertex 98.2943 2.79227 156.886
      vertex 98.2943 2.44282 156.697
    endloop
  endfacet
  facet normal 1 0 0
    outer loop
      vertex 98.2943 0 152.4
      vertex 98.2943 2.44282 156.697
      vertex 98.2943 2.10954 156.48
    endloop
  endfacet
  facet normal 1 0 0
    outer loop
      vertex 98.2943 0 152.4
      vertex 98.2943 2.10954 156.48
      vertex 98.2943 1.79453 156.237
    endloop
  endfacet
  facet normal 1 0 0
    outer loop
      vertex 98.2943 0 152.4
      vertex 98.2943 1.79453 156.237
      vertex 98.2943 1.49979 155.971
    endloop
  endfacet
  facet normal 1 0 0
    outer loop
      vertex 98.2943 0 152.4
      vertex 98.2943 1.49979 155.971
      vertex 98.2943 1.22718 155.681
    endloop
  endfacet
  facet normal 1 0 0
    outer loop
      vertex 98.2943 0 152.4
      vertex 98.2943 1.22718 155.681
      vertex 98.2943 0.978416 155.371
    endloop
  endfacet
  facet normal 1 0 0
    outer loop
      vertex 98.2943 0 152.4
      vertex 98.2943 0.978416 155.371
      vertex 98.2943 0.755083 155.042
    endloop
  endfacet
  facet normal 1 0 0
    outer loop
      vertex 98.2943 0 152.4
      vertex 98.2943 0.755083 155.042
      vertex 98.2943 0.558586 154.696
    endloop
  endfacet
  facet normal 1 0 0
    outer loop
      vertex 98.2943 0 152.4
      vertex 98.2943 0.558586 154.696
      vertex 98.2943 0.39017 154.336
    endloop
  endfacet
  facet normal 1 0 0
    outer loop
      vertex 98.2943 0 152.4
      vertex 98.2943 0.39017 154.336
      vertex 98.2943 0.250899 153.964
    endloop
  endfacet
  facet normal 1 0 0
    outer loop
      vertex 98.2943 0 152.4
      vertex 98.2943 0.250899 153.964
      vertex 98.2943 0.141653 153.582
    endloop
  endfacet
  facet normal 1 0 0
    outer loop
      vertex 98.2943 0 152.4
      vertex 98.2943 0.141653 153.582
      vertex 98.2943 0.0631227 153.192
    endloop
  endfacet
  facet normal 1 0 0
    outer loop
      vertex 98.2943 0 152.4
      vertex 98.2943 0.0631227 153.192
      vertex 98.2943 0.0158052 152.797
    endloop
  endfacet
  facet normal 1 0 0
    outer loop
      vertex 98.2943 10 112.4
      vertex 98.2943 0 152.4
      vertex 98.2943 0 102.4
    endloop
  endfacet
  facet normal 1 0 0
    outer loop
      vertex 98.2943 20 102.4
      vertex 98.2943 0 102.4
      vertex 98.2943 21 3.8147e-07
    endloop
  endfacet
  facet normal 1 0 0
    outer loop
      vertex 98.2943 -60 3.8147e-07
      vertex 98.2943 0 102.4
      vertex 98.2943 -60 102.4
    endloop
  endfacet
  facet normal 1 0 0
    outer loop
      vertex 98.2943 0 102.4
      vertex 98.2943 -60 3.8147e-07
      vertex 98.2943 21 3.8147e-07
    endloop
  endfacet
  facet normal -0.542629 -0.839972 0
    outer loop
      vertex 1.66502 -63.2477 3.8147e-07
      vertex 2 -63.4641 102.4
      vertex 1.66502 -63.2477 102.4
    endloop
  endfacet
  facet normal -0.542629 -0.839972 -0
    outer loop
      vertex 2 -63.4641 102.4
      vertex 1.66502 -63.2477 3.8147e-07
      vertex 2 -63.4641 3.8147e-07
    endloop
  endfacet
  facet normal 0.411375 -0.911466 0
    outer loop
      vertex 95.7556 -63.7235 2.4
      vertex 95.7556 -63.7235 3.8147e-07
      vertex 95.8943 -63.6609 2.4
    endloop
  endfacet
  facet normal 0.411375 -0.911466 0
    outer loop
      vertex 95.8943 -63.6609 94.4
      vertex 95.7556 -63.7235 102.4
      vertex 95.7556 -63.7235 94.4
    endloop
  endfacet
  facet normal 0.411251 -0.911522 -2.60166e-06
    outer loop
      vertex 95.7556 -63.7235 102.4
      vertex 95.8943 -63.6609 94.4
      vertex 96.1191 -63.5595 102.4
    endloop
  endfacet
  facet normal 0.411174 -0.911557 0
    outer loop
      vertex 96.1191 -63.5595 3.8147e-07
      vertex 95.8943 -63.6609 94.4
      vertex 95.8943 -63.6609 2.4
    endloop
  endfacet
  facet normal 0.411174 -0.911557 0
    outer loop
      vertex 95.8943 -63.6609 94.4
      vertex 96.1191 -63.5595 3.8147e-07
      vertex 96.1191 -63.5595 102.4
    endloop
  endfacet
  facet normal 0.411251 -0.911522 8.67221e-06
    outer loop
      vertex 96.1191 -63.5595 3.8147e-07
      vertex 95.8943 -63.6609 2.4
      vertex 95.7556 -63.7235 3.8147e-07
    endloop
  endfacet
  facet normal 0 1 -0
    outer loop
      vertex 94.1945 24.9988 3.8147e-07
      vertex 80.5589 24.9988 2.4
      vertex 94.1945 24.9988 2.4
    endloop
  endfacet
  facet normal 0 1 0
    outer loop
      vertex 80.5589 24.9988 2.4
      vertex 94.1945 24.9988 3.8147e-07
      vertex 66.8 24.9988 2.4
    endloop
  endfacet
  facet normal 0 1 0
    outer loop
      vertex 66.8 24.9988 2.4
      vertex 94.1945 24.9988 3.8147e-07
      vertex 34.8 24.9988 2.4
    endloop
  endfacet
  facet normal 0 1 0
    outer loop
      vertex 3.90028 24.9988 3.8147e-07
      vertex 34.8 24.9988 2.4
      vertex 94.1945 24.9988 3.8147e-07
    endloop
  endfacet
  facet normal 0 1 0
    outer loop
      vertex 34.8 24.9988 2.4
      vertex 3.90028 24.9988 3.8147e-07
      vertex 32.4 24.9988 2.4
    endloop
  endfacet
  facet normal 0 1 0
    outer loop
      vertex 32.4 24.9988 2.4
      vertex 3.90028 24.9988 3.8147e-07
      vertex 3.90028 24.9988 2.4
    endloop
  endfacet
  facet normal 0 1 -0
    outer loop
      vertex 34.8 24.9988 2.4
      vertex 32.4 24.9988 94.4
      vertex 34.8 24.9988 94.4
    endloop
  endfacet
  facet normal 0 1 0
    outer loop
      vertex 32.4 24.9988 94.4
      vertex 34.8 24.9988 2.4
      vertex 32.4 24.9988 2.4
    endloop
  endfacet
  facet normal 0 1 -0
    outer loop
      vertex 80.5589 24.9988 2.4
      vertex 66.8 24.9988 94.4
      vertex 80.5589 24.9988 94.4
    endloop
  endfacet
  facet normal 0 1 0
    outer loop
      vertex 66.8 24.9988 94.4
      vertex 80.5589 24.9988 2.4
      vertex 66.8 24.9988 2.4
    endloop
  endfacet
  facet normal 0 1 0
    outer loop
      vertex 80.5589 24.9988 94.4
      vertex 94.1945 24.9988 102.4
      vertex 94.1945 24.9988 94.4
    endloop
  endfacet
  facet normal 0 1 0
    outer loop
      vertex 66.8 24.9988 94.4
      vertex 94.1945 24.9988 102.4
      vertex 80.5589 24.9988 94.4
    endloop
  endfacet
  facet normal 0 1 0
    outer loop
      vertex 34.8 24.9988 94.4
      vertex 94.1945 24.9988 102.4
      vertex 66.8 24.9988 94.4
    endloop
  endfacet
  facet normal 0 1 0
    outer loop
      vertex 94.1945 24.9988 102.4
      vertex 34.8 24.9988 94.4
      vertex 3.90028 24.9988 102.4
    endloop
  endfacet
  facet normal 0 1 -0
    outer loop
      vertex 32.4 24.9988 94.4
      vertex 3.90028 24.9988 102.4
      vertex 34.8 24.9988 94.4
    endloop
  endfacet
  facet normal 0 1 0
    outer loop
      vertex 3.90028 24.9988 102.4
      vertex 32.4 24.9988 94.4
      vertex 3.90028 24.9988 94.4
    endloop
  endfacet
  facet normal 0.853238 -0.521521 0
    outer loop
      vertex 97.5992 -62.2533 102.4
      vertex 97.8072 -61.913 3.8147e-07
      vertex 97.8072 -61.913 102.4
    endloop
  endfacet
  facet normal 0.853238 -0.521521 0
    outer loop
      vertex 97.8072 -61.913 3.8147e-07
      vertex 97.5992 -62.2533 102.4
      vertex 97.5992 -62.2533 3.8147e-07
    endloop
  endfacet
  facet normal -0.766074 -0.642752 0
    outer loop
      vertex 1.06779 -62.7207 3.8147e-07
      vertex 0.811469 -62.4152 102.4
      vertex 0.811469 -62.4152 3.8147e-07
    endloop
  endfacet
  facet normal -0.766074 -0.642752 0
    outer loop
      vertex 0.811469 -62.4152 102.4
      vertex 1.06779 -62.7207 3.8147e-07
      vertex 1.06779 -62.7207 102.4
    endloop
  endfacet
  facet normal 0 0 -1
    outer loop
      vertex 94.1945 -63.9988 3.8147e-07
      vertex 98.2943 -60 3.8147e-07
      vertex 98.2744 -60.3983 3.8147e-07
    endloop
  endfacet
  facet normal -0 0 -1
    outer loop
      vertex 98.2943 -60 3.8147e-07
      vertex 94.1945 -63.9988 3.8147e-07
      vertex 98.2943 21 3.8147e-07
    endloop
  endfacet
  facet normal 0 0 -1
    outer loop
      vertex 94.1945 -63.9988 3.8147e-07
      vertex 98.2744 -60.3983 3.8147e-07
      vertex 98.215 -60.7926 3.8147e-07
    endloop
  endfacet
  facet normal 0 0 -1
    outer loop
      vertex 94.1945 24.9988 3.8147e-07
      vertex 98.2943 21 3.8147e-07
      vertex 94.1945 -63.9988 3.8147e-07
    endloop
  endfacet
  facet normal 0 0 -1
    outer loop
      vertex 94.1945 -63.9988 3.8147e-07
      vertex 98.215 -60.7926 3.8147e-07
      vertex 98.1166 -61.179 3.8147e-07
    endloop
  endfacet
  facet normal 0 0 -1
    outer loop
      vertex 98.2943 21 3.8147e-07
      vertex 94.1945 24.9988 3.8147e-07
      vertex 98.2744 21.3983 3.8147e-07
    endloop
  endfacet
  facet normal 0 0 -1
    outer loop
      vertex 94.1945 -63.9988 3.8147e-07
      vertex 98.1166 -61.179 3.8147e-07
      vertex 97.9802 -61.5537 3.8147e-07
    endloop
  endfacet
  facet normal 0 0 -1
    outer loop
      vertex 98.2744 21.3983 3.8147e-07
      vertex 94.1945 24.9988 3.8147e-07
      vertex 98.215 21.7926 3.8147e-07
    endloop
  endfacet
  facet normal 0 0 -1
    outer loop
      vertex 94.1945 -63.9988 3.8147e-07
      vertex 97.9802 -61.5537 3.8147e-07
      vertex 97.8072 -61.913 3.8147e-07
    endloop
  endfacet
  facet normal 0 0 -1
    outer loop
      vertex 98.215 21.7926 3.8147e-07
      vertex 94.1945 24.9988 3.8147e-07
      vertex 98.1166 22.179 3.8147e-07
    endloop
  endfacet
  facet normal 0 0 -1
    outer loop
      vertex 94.1945 -63.9988 3.8147e-07
      vertex 97.8072 -61.913 3.8147e-07
      vertex 97.5992 -62.2533 3.8147e-07
    endloop
  endfacet
  facet normal 0 0 -1
    outer loop
      vertex 98.1166 22.179 3.8147e-07
      vertex 94.1945 24.9988 3.8147e-07
      vertex 97.9802 22.5537 3.8147e-07
    endloop
  endfacet
  facet normal 0 0 -1
    outer loop
      vertex 94.1945 -63.9988 3.8147e-07
      vertex 97.5992 -62.2533 3.8147e-07
      vertex 97.3585 -62.5712 3.8147e-07
    endloop
  endfacet
  facet normal 0 0 -1
    outer loop
      vertex 97.9802 22.5537 3.8147e-07
      vertex 94.1945 24.9988 3.8147e-07
      vertex 97.8072 22.913 3.8147e-07
    endloop
  endfacet
  facet normal 0 0 -1
    outer loop
      vertex 94.1945 -63.9988 3.8147e-07
      vertex 97.3585 -62.5712 3.8147e-07
      vertex 97.0872 -62.8635 3.8147e-07
    endloop
  endfacet
  facet normal 0 0 -1
    outer loop
      vertex 97.8072 22.913 3.8147e-07
      vertex 94.1945 24.9988 3.8147e-07
      vertex 97.5992 23.2533 3.8147e-07
    endloop
  endfacet
  facet normal 0 0 -1
    outer loop
      vertex 94.1945 -63.9988 3.8147e-07
      vertex 97.0872 -62.8635 3.8147e-07
      vertex 96.7882 -63.1273 3.8147e-07
    endloop
  endfacet
  facet normal 0 0 -1
    outer loop
      vertex 97.5992 23.2533 3.8147e-07
      vertex 94.1945 24.9988 3.8147e-07
      vertex 97.3585 23.5711 3.8147e-07
    endloop
  endfacet
  facet normal 0 0 -1
    outer loop
      vertex 94.1945 -63.9988 3.8147e-07
      vertex 96.7882 -63.1273 3.8147e-07
      vertex 96.4645 -63.3601 3.8147e-07
    endloop
  endfacet
  facet normal 0 0 -1
    outer loop
      vertex 97.3585 23.5711 3.8147e-07
      vertex 94.1945 24.9988 3.8147e-07
      vertex 97.0872 23.8635 3.8147e-07
    endloop
  endfacet
  facet normal 0 0 -1
    outer loop
      vertex 94.1945 -63.9988 3.8147e-07
      vertex 96.4645 -63.3601 3.8147e-07
      vertex 96.1191 -63.5595 3.8147e-07
    endloop
  endfacet
  facet normal 0 0 -1
    outer loop
      vertex 97.0872 23.8635 3.8147e-07
      vertex 94.1945 24.9988 3.8147e-07
      vertex 96.7882 24.1273 3.8147e-07
    endloop
  endfacet
  facet normal 0 0 -1
    outer loop
      vertex 94.1945 -63.9988 3.8147e-07
      vertex 96.1191 -63.5595 3.8147e-07
      vertex 95.7556 -63.7235 3.8147e-07
    endloop
  endfacet
  facet normal 0 0 -1
    outer loop
      vertex 96.7882 24.1273 3.8147e-07
      vertex 94.1945 24.9988 3.8147e-07
      vertex 96.4645 24.3601 3.8147e-07
    endloop
  endfacet
  facet normal 0 0 -1
    outer loop
      vertex 94.1945 -63.9988 3.8147e-07
      vertex 95.7556 -63.7235 3.8147e-07
      vertex 95.3776 -63.8505 3.8147e-07
    endloop
  endfacet
  facet normal 0 0 -1
    outer loop
      vertex 96.4645 24.3601 3.8147e-07
      vertex 94.1945 24.9988 3.8147e-07
      vertex 96.1191 24.5595 3.8147e-07
    endloop
  endfacet
  facet normal 0 0 -1
    outer loop
      vertex 94.1945 -63.9988 3.8147e-07
      vertex 95.3776 -63.8505 3.8147e-07
      vertex 94.9889 -63.9392 3.8147e-07
    endloop
  endfacet
  facet normal 0 0 -1
    outer loop
      vertex 96.1191 24.5595 3.8147e-07
      vertex 94.1945 24.9988 3.8147e-07
      vertex 95.7556 24.7235 3.8147e-07
    endloop
  endfacet
  facet normal 0 0 -1
    outer loop
      vertex 94.1945 -63.9988 3.8147e-07
      vertex 94.9889 -63.9392 3.8147e-07
      vertex 94.5932 -63.9888 3.8147e-07
    endloop
  endfacet
  facet normal 0 0 -1
    outer loop
      vertex 95.7556 24.7235 3.8147e-07
      vertex 94.1945 24.9988 3.8147e-07
      vertex 95.3776 24.8505 3.8147e-07
    endloop
  endfacet
  facet normal 0 0 -1
    outer loop
      vertex 95.3776 24.8505 3.8147e-07
      vertex 94.1945 24.9988 3.8147e-07
      vertex 94.9889 24.9392 3.8147e-07
    endloop
  endfacet
  facet normal 0 0 -1
    outer loop
      vertex 94.9889 24.9392 3.8147e-07
      vertex 94.1945 24.9988 3.8147e-07
      vertex 94.5932 24.9888 3.8147e-07
    endloop
  endfacet
  facet normal 0 0 -1
    outer loop
      vertex 3.90028 -63.9988 3.8147e-07
      vertex 94.1945 24.9988 3.8147e-07
      vertex 94.1945 -63.9988 3.8147e-07
    endloop
  endfacet
  facet normal 0 0 -1
    outer loop
      vertex 3.90028 -63.9988 3.8147e-07
      vertex 3.90028 24.9988 3.8147e-07
      vertex 94.1945 24.9988 3.8147e-07
    endloop
  endfacet
  facet normal 0 0 -1
    outer loop
      vertex 0.0049715 -60.1994 3.8147e-07
      vertex 3.90028 -63.9988 3.8147e-07
      vertex 3.50262 -63.969 3.8147e-07
    endloop
  endfacet
  facet normal 0 0 -1
    outer loop
      vertex 3.90028 -63.9988 3.8147e-07
      vertex 0.0049715 -60.1994 3.8147e-07
      vertex 3.90028 24.9988 3.8147e-07
    endloop
  endfacet
  facet normal 0 0 -1
    outer loop
      vertex 0.0049715 -60.1994 3.8147e-07
      vertex 3.50262 -63.969 3.8147e-07
      vertex 3.10992 -63.8997 3.8147e-07
    endloop
  endfacet
  facet normal 0 0 -1
    outer loop
      vertex 0.0049715 21.1994 3.8147e-07
      vertex 3.90028 24.9988 3.8147e-07
      vertex 0.0049715 -60.1994 3.8147e-07
    endloop
  endfacet
  facet normal 0 0 -1
    outer loop
      vertex 0.0049715 -60.1994 3.8147e-07
      vertex 3.10992 -63.8997 3.8147e-07
      vertex 2.72605 -63.7917 3.8147e-07
    endloop
  endfacet
  facet normal 0 0 -1
    outer loop
      vertex 3.90028 24.9988 3.8147e-07
      vertex 0.0049715 21.1994 3.8147e-07
      vertex 3.50262 24.969 3.8147e-07
    endloop
  endfacet
  facet normal 0 0 -1
    outer loop
      vertex 0.0049715 -60.1994 3.8147e-07
      vertex 2.72605 -63.7917 3.8147e-07
      vertex 2.35485 -63.646 3.8147e-07
    endloop
  endfacet
  facet normal 0 0 -1
    outer loop
      vertex 3.50262 24.969 3.8147e-07
      vertex 0.0049715 21.1994 3.8147e-07
      vertex 3.10992 24.8997 3.8147e-07
    endloop
  endfacet
  facet normal 0 0 -1
    outer loop
      vertex 0.0049715 -60.1994 3.8147e-07
      vertex 2.35485 -63.646 3.8147e-07
      vertex 2 -63.4641 3.8147e-07
    endloop
  endfacet
  facet normal 0 0 -1
    outer loop
      vertex 3.10992 24.8997 3.8147e-07
      vertex 0.0049715 21.1994 3.8147e-07
      vertex 2.72605 24.7917 3.8147e-07
    endloop
  endfacet
  facet normal 0 0 -1
    outer loop
      vertex 0.0049715 -60.1994 3.8147e-07
      vertex 2 -63.4641 3.8147e-07
      vertex 1.66502 -63.2477 3.8147e-07
    endloop
  endfacet
  facet normal 0 0 -1
    outer loop
      vertex 2.72605 24.7917 3.8147e-07
      vertex 0.0049715 21.1994 3.8147e-07
      vertex 2.35485 24.646 3.8147e-07
    endloop
  endfacet
  facet normal 0 0 -1
    outer loop
      vertex 0.0049715 -60.1994 3.8147e-07
      vertex 1.66502 -63.2477 3.8147e-07
      vertex 1.35326 -62.9991 3.8147e-07
    endloop
  endfacet
  facet normal 0 0 -1
    outer loop
      vertex 2.35485 24.646 3.8147e-07
      vertex 0.0049715 21.1994 3.8147e-07
      vertex 2 24.4641 3.8147e-07
    endloop
  endfacet
  facet normal 0 0 -1
    outer loop
      vertex 0.0049715 -60.1994 3.8147e-07
      vertex 1.35326 -62.9991 3.8147e-07
      vertex 1.06779 -62.7207 3.8147e-07
    endloop
  endfacet
  facet normal 0 0 -1
    outer loop
      vertex 2 24.4641 3.8147e-07
      vertex 0.0049715 21.1994 3.8147e-07
      vertex 1.66502 24.2478 3.8147e-07
    endloop
  endfacet
  facet normal 0 0 -1
    outer loop
      vertex 0.0049715 -60.1994 3.8147e-07
      vertex 1.06779 -62.7207 3.8147e-07
      vertex 0.811469 -62.4152 3.8147e-07
    endloop
  endfacet
  facet normal 0 0 -1
    outer loop
      vertex 1.66502 24.2478 3.8147e-07
      vertex 0.0049715 21.1994 3.8147e-07
      vertex 1.35326 23.9991 3.8147e-07
    endloop
  endfacet
  facet normal 0 0 -1
    outer loop
      vertex 0.0049715 -60.1994 3.8147e-07
      vertex 0.811469 -62.4152 3.8147e-07
      vertex 0.586836 -62.0857 3.8147e-07
    endloop
  endfacet
  facet normal 0 0 -1
    outer loop
      vertex 1.35326 23.9991 3.8147e-07
      vertex 0.0049715 21.1994 3.8147e-07
      vertex 1.06779 23.7207 3.8147e-07
    endloop
  endfacet
  facet normal 0 0 -1
    outer loop
      vertex 0.0049715 -60.1994 3.8147e-07
      vertex 0.586836 -62.0857 3.8147e-07
      vertex 0.396124 -61.7355 3.8147e-07
    endloop
  endfacet
  facet normal 0 0 -1
    outer loop
      vertex 1.06779 23.7207 3.8147e-07
      vertex 0.0049715 21.1994 3.8147e-07
      vertex 0.811469 23.4152 3.8147e-07
    endloop
  endfacet
  facet normal 0 0 -1
    outer loop
      vertex 0.0049715 -60.1994 3.8147e-07
      vertex 0.396124 -61.7355 3.8147e-07
      vertex 0.241229 -61.3681 3.8147e-07
    endloop
  endfacet
  facet normal 0 0 -1
    outer loop
      vertex 0.811469 23.4152 3.8147e-07
      vertex 0.0049715 21.1994 3.8147e-07
      vertex 0.586836 23.0857 3.8147e-07
    endloop
  endfacet
  facet normal 0 0 -1
    outer loop
      vertex 0.0049715 -60.1994 3.8147e-07
      vertex 0.241229 -61.3681 3.8147e-07
      vertex 0.123691 -60.987 3.8147e-07
    endloop
  endfacet
  facet normal 0 0 -1
    outer loop
      vertex 0.586836 23.0857 3.8147e-07
      vertex 0.0049715 21.1994 3.8147e-07
      vertex 0.396124 22.7355 3.8147e-07
    endloop
  endfacet
  facet normal 0 0 -1
    outer loop
      vertex 0.0049715 -60.1994 3.8147e-07
      vertex 0.123691 -60.987 3.8147e-07
      vertex 0.0446758 -60.5962 3.8147e-07
    endloop
  endfacet
  facet normal 0 0 -1
    outer loop
      vertex 0.396124 22.7355 3.8147e-07
      vertex 0.0049715 21.1994 3.8147e-07
      vertex 0.241229 22.3681 3.8147e-07
    endloop
  endfacet
  facet normal 0 0 -1
    outer loop
      vertex 0.241229 22.3681 3.8147e-07
      vertex 0.0049715 21.1994 3.8147e-07
      vertex 0.123691 21.987 3.8147e-07
    endloop
  endfacet
  facet normal 0 0 -1
    outer loop
      vertex 0.123691 21.987 3.8147e-07
      vertex 0.0049715 21.1994 3.8147e-07
      vertex 0.0446758 21.5962 3.8147e-07
    endloop
  endfacet
  facet normal -0.955584 0.294719 0
    outer loop
      vertex 0.123691 21.987 3.8147e-07
      vertex 0.241229 22.3681 102.4
      vertex 0.241229 22.3681 3.8147e-07
    endloop
  endfacet
  facet normal -0.955584 0.294719 0
    outer loop
      vertex 0.241229 22.3681 102.4
      vertex 0.123691 21.987 3.8147e-07
      vertex 0.123691 21.987 102.4
    endloop
  endfacet
  facet normal 0.900998 -0.433823 0
    outer loop
      vertex 97.8072 -61.913 102.4
      vertex 97.9802 -61.5537 3.8147e-07
      vertex 97.9802 -61.5537 102.4
    endloop
  endfacet
  facet normal 0.900998 -0.433823 0
    outer loop
      vertex 97.9802 -61.5537 3.8147e-07
      vertex 97.8072 -61.913 102.4
      vertex 97.8072 -61.913 3.8147e-07
    endloop
  endfacet
  facet normal 0.661588 -0.749867 0
    outer loop
      vertex 96.7882 -63.1273 3.8147e-07
      vertex 97.0872 -62.8635 102.4
      vertex 96.7882 -63.1273 102.4
    endloop
  endfacet
  facet normal 0.661588 -0.749867 0
    outer loop
      vertex 97.0872 -62.8635 102.4
      vertex 96.7882 -63.1273 3.8147e-07
      vertex 97.0872 -62.8635 3.8147e-07
    endloop
  endfacet
  facet normal 0.222477 0.974938 -0
    outer loop
      vertex 95.3776 24.8505 3.8147e-07
      vertex 94.9889 24.9392 2.4
      vertex 95.3776 24.8505 2.4
    endloop
  endfacet
  facet normal 0.222477 0.974938 0
    outer loop
      vertex 94.9889 24.9392 2.4
      vertex 95.3776 24.8505 3.8147e-07
      vertex 94.9889 24.9392 3.8147e-07
    endloop
  endfacet
  facet normal 0.222477 0.974938 -0
    outer loop
      vertex 95.3776 24.8505 94.4
      vertex 94.9889 24.9392 102.4
      vertex 95.3776 24.8505 102.4
    endloop
  endfacet
  facet normal 0.222477 0.974938 0
    outer loop
      vertex 94.9889 24.9392 102.4
      vertex 95.3776 24.8505 94.4
      vertex 94.9889 24.9392 94.4
    endloop
  endfacet
  facet normal 0.0250736 -0.999686 0
    outer loop
      vertex 94.1945 -63.9988 3.8147e-07
      vertex 94.5932 -63.9888 2.4
      vertex 94.1945 -63.9988 2.4
    endloop
  endfacet
  facet normal 0.0250736 -0.999686 0
    outer loop
      vertex 94.5932 -63.9888 2.4
      vertex 94.1945 -63.9988 3.8147e-07
      vertex 94.5932 -63.9888 3.8147e-07
    endloop
  endfacet
  facet normal 0.0250736 -0.999686 0
    outer loop
      vertex 94.1945 -63.9988 94.4
      vertex 94.5932 -63.9888 102.4
      vertex 94.1945 -63.9988 102.4
    endloop
  endfacet
  facet normal 0.0250736 -0.999686 0
    outer loop
      vertex 94.5932 -63.9888 102.4
      vertex 94.1945 -63.9988 94.4
      vertex 94.5932 -63.9888 94.4
    endloop
  endfacet
  facet normal 0.124374 0.992235 -0
    outer loop
      vertex 94.9889 24.9392 94.4
      vertex 94.5932 24.9888 102.4
      vertex 94.9889 24.9392 102.4
    endloop
  endfacet
  facet normal 0.124374 0.992235 0
    outer loop
      vertex 94.5932 24.9888 102.4
      vertex 94.9889 24.9392 94.4
      vertex 94.5932 24.9888 94.4
    endloop
  endfacet
  facet normal 0.124374 0.992235 -0
    outer loop
      vertex 94.9889 24.9392 3.8147e-07
      vertex 94.5932 24.9888 2.4
      vertex 94.9889 24.9392 2.4
    endloop
  endfacet
  facet normal 0.124374 0.992235 0
    outer loop
      vertex 94.5932 24.9888 2.4
      vertex 94.9889 24.9392 3.8147e-07
      vertex 94.5932 24.9888 3.8147e-07
    endloop
  endfacet
  facet normal -0.766074 0.642752 0
    outer loop
      vertex 0.811469 23.4152 3.8147e-07
      vertex 1.06779 23.7207 102.4
      vertex 1.06779 23.7207 3.8147e-07
    endloop
  endfacet
  facet normal -0.766074 0.642752 0
    outer loop
      vertex 1.06779 23.7207 102.4
      vertex 0.811469 23.4152 3.8147e-07
      vertex 0.811469 23.4152 102.4
    endloop
  endfacet
  facet normal -0.365373 -0.930861 -2.54376e-06
    outer loop
      vertex 2.35485 -63.646 102.4
      vertex 2.4 -63.6637 94.4
      vertex 2.72605 -63.7917 102.4
    endloop
  endfacet
  facet normal -0.364982 -0.931014 0
    outer loop
      vertex 2.35485 -63.646 3.8147e-07
      vertex 2.4 -63.6637 94.4
      vertex 2.35485 -63.646 102.4
    endloop
  endfacet
  facet normal -0.364982 -0.931014 -0
    outer loop
      vertex 2.4 -63.6637 94.4
      vertex 2.35485 -63.646 3.8147e-07
      vertex 2.4 -63.6637 2.4
    endloop
  endfacet
  facet normal -0.365373 -0.930861 8.47919e-06
    outer loop
      vertex 2.72605 -63.7917 3.8147e-07
      vertex 2.4 -63.6637 2.4
      vertex 2.35485 -63.646 3.8147e-07
    endloop
  endfacet
  facet normal -0.365427 -0.93084 0
    outer loop
      vertex 2.4 -63.6637 2.4
      vertex 2.72605 -63.7917 3.8147e-07
      vertex 2.72605 -63.7917 2.4
    endloop
  endfacet
  facet normal -0.365427 -0.93084 -0
    outer loop
      vertex 2.72605 -63.7917 102.4
      vertex 2.4 -63.6637 94.4
      vertex 2.72605 -63.7917 94.4
    endloop
  endfacet
  facet normal 0.900998 0.433823 0
    outer loop
      vertex 97.9802 22.5537 102.4
      vertex 97.8072 22.913 3.8147e-07
      vertex 97.8072 22.913 102.4
    endloop
  endfacet
  facet normal 0.900998 0.433823 0
    outer loop
      vertex 97.8072 22.913 3.8147e-07
      vertex 97.9802 22.5537 102.4
      vertex 97.9802 22.5537 3.8147e-07
    endloop
  endfacet
  facet normal -0.826258 -0.563292 0
    outer loop
      vertex 0.811469 -62.4152 3.8147e-07
      vertex 0.586836 -62.0857 102.4
      vertex 0.586836 -62.0857 3.8147e-07
    endloop
  endfacet
  facet normal -0.826258 -0.563292 0
    outer loop
      vertex 0.586836 -62.0857 102.4
      vertex 0.811469 -62.4152 3.8147e-07
      vertex 0.811469 -62.4152 102.4
    endloop
  endfacet
  facet normal -0.623612 0.781734 0
    outer loop
      vertex 1.66502 24.2478 3.8147e-07
      vertex 1.35326 23.9991 102.4
      vertex 1.66502 24.2478 102.4
    endloop
  endfacet
  facet normal -0.623612 0.781734 0
    outer loop
      vertex 1.35326 23.9991 102.4
      vertex 1.66502 24.2478 3.8147e-07
      vertex 1.35326 23.9991 3.8147e-07
    endloop
  endfacet
  facet normal -0.623459 -0.781856 0
    outer loop
      vertex 1.35326 -62.9991 3.8147e-07
      vertex 1.66502 -63.2477 102.4
      vertex 1.35326 -62.9991 102.4
    endloop
  endfacet
  facet normal -0.623459 -0.781856 -0
    outer loop
      vertex 1.66502 -63.2477 102.4
      vertex 1.35326 -62.9991 3.8147e-07
      vertex 1.66502 -63.2477 3.8147e-07
    endloop
  endfacet
  facet normal 0.797253 -0.603645 0
    outer loop
      vertex 97.3585 -62.5712 102.4
      vertex 97.5992 -62.2533 3.8147e-07
      vertex 97.5992 -62.2533 102.4
    endloop
  endfacet
  facet normal 0.797253 -0.603645 0
    outer loop
      vertex 97.5992 -62.2533 3.8147e-07
      vertex 97.3585 -62.5712 102.4
      vertex 97.3585 -62.5712 3.8147e-07
    endloop
  endfacet
  facet normal 0.732945 -0.680288 0
    outer loop
      vertex 97.0872 -62.8635 102.4
      vertex 97.3585 -62.5712 3.8147e-07
      vertex 97.3585 -62.5712 102.4
    endloop
  endfacet
  facet normal 0.732945 -0.680288 0
    outer loop
      vertex 97.3585 -62.5712 3.8147e-07
      vertex 97.0872 -62.8635 102.4
      vertex 97.0872 -62.8635 3.8147e-07
    endloop
  endfacet
  facet normal -0.698186 0.715916 0
    outer loop
      vertex 1.35326 23.9991 3.8147e-07
      vertex 1.06779 23.7207 102.4
      vertex 1.35326 23.9991 102.4
    endloop
  endfacet
  facet normal -0.698186 0.715916 0
    outer loop
      vertex 1.06779 23.7207 102.4
      vertex 1.35326 23.9991 3.8147e-07
      vertex 1.06779 23.7207 3.8147e-07
    endloop
  endfacet
  facet normal -0.955584 -0.294719 0
    outer loop
      vertex 0.241229 -61.3681 3.8147e-07
      vertex 0.123691 -60.987 102.4
      vertex 0.123691 -60.987 3.8147e-07
    endloop
  endfacet
  facet normal -0.955584 -0.294719 0
    outer loop
      vertex 0.123691 -60.987 102.4
      vertex 0.241229 -61.3681 3.8147e-07
      vertex 0.241229 -61.3681 102.4
    endloop
  endfacet
  facet normal -0.456169 0.889893 0
    outer loop
      vertex 2.35485 24.646 3.8147e-07
      vertex 2 24.4641 102.4
      vertex 2.35485 24.646 102.4
    endloop
  endfacet
  facet normal -0.456169 0.889893 0
    outer loop
      vertex 2 24.4641 102.4
      vertex 2.35485 24.646 3.8147e-07
      vertex 2 24.4641 3.8147e-07
    endloop
  endfacet
  facet normal -0.698186 -0.715916 0
    outer loop
      vertex 1.06779 -62.7207 3.8147e-07
      vertex 1.35326 -62.9991 102.4
      vertex 1.06779 -62.7207 102.4
    endloop
  endfacet
  facet normal -0.698186 -0.715916 -0
    outer loop
      vertex 1.35326 -62.9991 102.4
      vertex 1.06779 -62.7207 3.8147e-07
      vertex 1.35326 -62.9991 3.8147e-07
    endloop
  endfacet
  facet normal 0.988842 0.148966 0
    outer loop
      vertex 98.2744 21.3983 102.4
      vertex 98.215 21.7926 3.8147e-07
      vertex 98.215 21.7926 102.4
    endloop
  endfacet
  facet normal 0.988842 0.148966 0
    outer loop
      vertex 98.215 21.7926 3.8147e-07
      vertex 98.2744 21.3983 102.4
      vertex 98.2744 21.3983 3.8147e-07
    endloop
  endfacet
  facet normal 0.222477 -0.974938 0
    outer loop
      vertex 94.9889 -63.9392 94.4
      vertex 95.3776 -63.8505 102.4
      vertex 94.9889 -63.9392 102.4
    endloop
  endfacet
  facet normal 0.222477 -0.974938 0
    outer loop
      vertex 95.3776 -63.8505 102.4
      vertex 94.9889 -63.9392 94.4
      vertex 95.3776 -63.8505 94.4
    endloop
  endfacet
  facet normal 0.222477 -0.974938 0
    outer loop
      vertex 94.9889 -63.9392 3.8147e-07
      vertex 95.3776 -63.8505 2.4
      vertex 94.9889 -63.9392 2.4
    endloop
  endfacet
  facet normal 0.222477 -0.974938 0
    outer loop
      vertex 95.3776 -63.8505 2.4
      vertex 94.9889 -63.9392 3.8147e-07
      vertex 95.3776 -63.8505 3.8147e-07
    endloop
  endfacet
  facet normal -0.173785 0.984784 0
    outer loop
      vertex 3.50262 24.969 3.8147e-07
      vertex 3.10992 24.8997 2.4
      vertex 3.50262 24.969 2.4
    endloop
  endfacet
  facet normal -0.173785 0.984784 0
    outer loop
      vertex 3.10992 24.8997 2.4
      vertex 3.50262 24.969 3.8147e-07
      vertex 3.10992 24.8997 3.8147e-07
    endloop
  endfacet
  facet normal -0.173785 0.984784 0
    outer loop
      vertex 3.50262 24.969 94.4
      vertex 3.10992 24.8997 102.4
      vertex 3.50262 24.969 102.4
    endloop
  endfacet
  facet normal -0.173785 0.984784 0
    outer loop
      vertex 3.10992 24.8997 102.4
      vertex 3.50262 24.969 94.4
      vertex 3.10992 24.8997 94.4
    endloop
  endfacet
  facet normal 0.661588 0.749867 -0
    outer loop
      vertex 97.0872 23.8635 3.8147e-07
      vertex 96.7882 24.1273 102.4
      vertex 97.0872 23.8635 102.4
    endloop
  endfacet
  facet normal 0.661588 0.749867 0
    outer loop
      vertex 96.7882 24.1273 102.4
      vertex 97.0872 23.8635 3.8147e-07
      vertex 96.7882 24.1273 3.8147e-07
    endloop
  endfacet
  facet normal 0.0250736 0.999686 -0
    outer loop
      vertex 94.5932 24.9888 94.4
      vertex 94.1945 24.9988 102.4
      vertex 94.5932 24.9888 102.4
    endloop
  endfacet
  facet normal 0.0250736 0.999686 0
    outer loop
      vertex 94.1945 24.9988 102.4
      vertex 94.5932 24.9888 94.4
      vertex 94.1945 24.9988 94.4
    endloop
  endfacet
  facet normal 0.0250736 0.999686 -0
    outer loop
      vertex 94.5932 24.9888 3.8147e-07
      vertex 94.1945 24.9988 2.4
      vertex 94.5932 24.9888 2.4
    endloop
  endfacet
  facet normal 0.0250736 0.999686 0
    outer loop
      vertex 94.1945 24.9988 2.4
      vertex 94.5932 24.9888 3.8147e-07
      vertex 94.1945 24.9988 3.8147e-07
    endloop
  endfacet
  facet normal -0.0747289 0.997204 0
    outer loop
      vertex 3.90028 24.9988 3.8147e-07
      vertex 3.50262 24.969 2.4
      vertex 3.90028 24.9988 2.4
    endloop
  endfacet
  facet normal -0.0747289 0.997204 0
    outer loop
      vertex 3.50262 24.969 2.4
      vertex 3.90028 24.9988 3.8147e-07
      vertex 3.50262 24.969 3.8147e-07
    endloop
  endfacet
  facet normal -0.0747289 0.997204 0
    outer loop
      vertex 3.90028 24.9988 94.4
      vertex 3.50262 24.969 102.4
      vertex 3.90028 24.9988 102.4
    endloop
  endfacet
  facet normal -0.0747289 0.997204 0
    outer loop
      vertex 3.50262 24.969 102.4
      vertex 3.90028 24.9988 94.4
      vertex 3.50262 24.969 94.4
    endloop
  endfacet
  facet normal 0.969071 0.246782 0
    outer loop
      vertex 98.215 21.7926 102.4
      vertex 98.1166 22.179 3.8147e-07
      vertex 98.1166 22.179 102.4
    endloop
  endfacet
  facet normal 0.969071 0.246782 0
    outer loop
      vertex 98.1166 22.179 3.8147e-07
      vertex 98.215 21.7926 102.4
      vertex 98.215 21.7926 3.8147e-07
    endloop
  endfacet
  facet normal 0.939676 0.342065 0
    outer loop
      vertex 98.1166 22.179 102.4
      vertex 97.9802 22.5537 3.8147e-07
      vertex 97.9802 22.5537 102.4
    endloop
  endfacet
  facet normal 0.939676 0.342065 0
    outer loop
      vertex 97.9802 22.5537 3.8147e-07
      vertex 98.1166 22.179 102.4
      vertex 98.1166 22.179 3.8147e-07
    endloop
  endfacet
  facet normal 0 0 1
    outer loop
      vertex 94.1945 24.9988 102.4
      vertex 98.2943 21 102.4
      vertex 98.2744 21.3983 102.4
    endloop
  endfacet
  facet normal 0 0 1
    outer loop
      vertex 94.1945 24.9988 102.4
      vertex 98.2744 21.3983 102.4
      vertex 98.215 21.7926 102.4
    endloop
  endfacet
  facet normal 0 0 1
    outer loop
      vertex 94.1945 24.9988 102.4
      vertex 98.215 21.7926 102.4
      vertex 98.1166 22.179 102.4
    endloop
  endfacet
  facet normal 0 0 1
    outer loop
      vertex 94.1945 24.9988 102.4
      vertex 98.1166 22.179 102.4
      vertex 97.9802 22.5537 102.4
    endloop
  endfacet
  facet normal 0 0 1
    outer loop
      vertex 97.5992 23.2533 102.4
      vertex 97.9802 22.5537 102.4
      vertex 97.8072 22.913 102.4
    endloop
  endfacet
  facet normal 0 0 1
    outer loop
      vertex 97.3585 23.5711 102.4
      vertex 97.9802 22.5537 102.4
      vertex 97.5992 23.2533 102.4
    endloop
  endfacet
  facet normal 0 0 1
    outer loop
      vertex 97.0872 23.8635 102.4
      vertex 97.9802 22.5537 102.4
      vertex 97.3585 23.5711 102.4
    endloop
  endfacet
  facet normal 0 0 1
    outer loop
      vertex 96.7882 24.1273 102.4
      vertex 97.9802 22.5537 102.4
      vertex 97.0872 23.8635 102.4
    endloop
  endfacet
  facet normal 0 0 1
    outer loop
      vertex 96.4645 24.3601 102.4
      vertex 97.9802 22.5537 102.4
      vertex 96.7882 24.1273 102.4
    endloop
  endfacet
  facet normal 0 0 1
    outer loop
      vertex 96.1191 24.5595 102.4
      vertex 97.9802 22.5537 102.4
      vertex 96.4645 24.3601 102.4
    endloop
  endfacet
  facet normal 0 0 1
    outer loop
      vertex 95.7556 24.7235 102.4
      vertex 97.9802 22.5537 102.4
      vertex 96.1191 24.5595 102.4
    endloop
  endfacet
  facet normal 0 0 1
    outer loop
      vertex 95.3776 24.8505 102.4
      vertex 97.9802 22.5537 102.4
      vertex 95.7556 24.7235 102.4
    endloop
  endfacet
  facet normal 0 0 1
    outer loop
      vertex 94.9889 24.9392 102.4
      vertex 97.9802 22.5537 102.4
      vertex 95.3776 24.8505 102.4
    endloop
  endfacet
  facet normal 0 0 1
    outer loop
      vertex 94.5932 24.9888 102.4
      vertex 97.9802 22.5537 102.4
      vertex 94.9889 24.9392 102.4
    endloop
  endfacet
  facet normal 0 0 1
    outer loop
      vertex 94.1945 24.9988 102.4
      vertex 97.9802 22.5537 102.4
      vertex 94.5932 24.9888 102.4
    endloop
  endfacet
  facet normal 0 0 1
    outer loop
      vertex 98.2943 21 102.4
      vertex 94.1945 24.9988 102.4
      vertex 98.2943 20 102.4
    endloop
  endfacet
  facet normal 0 0 1
    outer loop
      vertex 0.0049715 20 102.4
      vertex 94.1945 24.9988 102.4
      vertex 3.90028 24.9988 102.4
    endloop
  endfacet
  facet normal 0 0 1
    outer loop
      vertex 0.0049715 21.1994 102.4
      vertex 3.90028 24.9988 102.4
      vertex 3.50262 24.969 102.4
    endloop
  endfacet
  facet normal 0 0 1
    outer loop
      vertex 0.0049715 21.1994 102.4
      vertex 3.50262 24.969 102.4
      vertex 3.10992 24.8997 102.4
    endloop
  endfacet
  facet normal 0 0 1
    outer loop
      vertex 0.0049715 21.1994 102.4
      vertex 3.10992 24.8997 102.4
      vertex 2.72605 24.7917 102.4
    endloop
  endfacet
  facet normal 0 0 1
    outer loop
      vertex 0.0049715 21.1994 102.4
      vertex 2.72605 24.7917 102.4
      vertex 2.35485 24.646 102.4
    endloop
  endfacet
  facet normal 0 0 1
    outer loop
      vertex 0.0049715 21.1994 102.4
      vertex 2.35485 24.646 102.4
      vertex 2 24.4641 102.4
    endloop
  endfacet
  facet normal 0 0 1
    outer loop
      vertex 0.0049715 21.1994 102.4
      vertex 2 24.4641 102.4
      vertex 1.66502 24.2478 102.4
    endloop
  endfacet
  facet normal 0 0 1
    outer loop
      vertex 0.0049715 21.1994 102.4
      vertex 1.66502 24.2478 102.4
      vertex 1.35326 23.9991 102.4
    endloop
  endfacet
  facet normal 0 0 1
    outer loop
      vertex 0.0049715 21.1994 102.4
      vertex 1.35326 23.9991 102.4
      vertex 1.06779 23.7207 102.4
    endloop
  endfacet
  facet normal 0 0 1
    outer loop
      vertex 0.0049715 21.1994 102.4
      vertex 1.06779 23.7207 102.4
      vertex 0.811469 23.4152 102.4
    endloop
  endfacet
  facet normal 0 0 1
    outer loop
      vertex 0.0049715 21.1994 102.4
      vertex 0.811469 23.4152 102.4
      vertex 0.586836 23.0857 102.4
    endloop
  endfacet
  facet normal 0 0 1
    outer loop
      vertex 0.0049715 21.1994 102.4
      vertex 0.586836 23.0857 102.4
      vertex 0.396124 22.7355 102.4
    endloop
  endfacet
  facet normal 0 0 1
    outer loop
      vertex 0.0049715 21.1994 102.4
      vertex 0.396124 22.7355 102.4
      vertex 0.241229 22.3681 102.4
    endloop
  endfacet
  facet normal 0 0 1
    outer loop
      vertex 0.0049715 21.1994 102.4
      vertex 0.241229 22.3681 102.4
      vertex 0.123691 21.987 102.4
    endloop
  endfacet
  facet normal 0 0 1
    outer loop
      vertex 0.0049715 21.1994 102.4
      vertex 0.123691 21.987 102.4
      vertex 0.0446758 21.5962 102.4
    endloop
  endfacet
  facet normal 0 0 1
    outer loop
      vertex 3.90028 24.9988 102.4
      vertex 0.0049715 21.1994 102.4
      vertex 0.0049715 20 102.4
    endloop
  endfacet
  facet normal 0 0 1
    outer loop
      vertex 94.1945 24.9988 102.4
      vertex 0.0049715 20 102.4
      vertex 98.2943 20 102.4
    endloop
  endfacet
  facet normal 0 0 -1
    outer loop
      vertex 0 10 102.4
      vertex 0.0049715 20 102.4
      vertex 0.0049715 10 102.4
    endloop
  endfacet
  facet normal -0 0 -1
    outer loop
      vertex 0.0049715 20 102.4
      vertex 0 10 102.4
      vertex 0 20 102.4
    endloop
  endfacet
  facet normal -0 0 1
    outer loop
      vertex 77.1471 -40 102.4
      vertex 98.2943 -60 102.4
      vertex 98.2943 0 102.4
    endloop
  endfacet
  facet normal 0 -0 1
    outer loop
      vertex 94.1945 -63.9988 102.4
      vertex 98.2943 -60 102.4
      vertex 77.1471 -40 102.4
    endloop
  endfacet
  facet normal 0 0 1
    outer loop
      vertex 98.2943 -60 102.4
      vertex 94.1945 -63.9988 102.4
      vertex 98.2744 -60.3983 102.4
    endloop
  endfacet
  facet normal 0 0 1
    outer loop
      vertex 98.2744 -60.3983 102.4
      vertex 94.1945 -63.9988 102.4
      vertex 98.215 -60.7926 102.4
    endloop
  endfacet
  facet normal 0 0 1
    outer loop
      vertex 98.215 -60.7926 102.4
      vertex 94.1945 -63.9988 102.4
      vertex 98.1166 -61.179 102.4
    endloop
  endfacet
  facet normal 0 0 1
    outer loop
      vertex 98.1166 -61.179 102.4
      vertex 94.1945 -63.9988 102.4
      vertex 97.9802 -61.5537 102.4
    endloop
  endfacet
  facet normal 0 0 1
    outer loop
      vertex 97.9802 -61.5537 102.4
      vertex 94.1945 -63.9988 102.4
      vertex 97.8072 -61.913 102.4
    endloop
  endfacet
  facet normal 0 0 1
    outer loop
      vertex 97.8072 -61.913 102.4
      vertex 94.1945 -63.9988 102.4
      vertex 97.5992 -62.2533 102.4
    endloop
  endfacet
  facet normal 0 0 1
    outer loop
      vertex 97.5992 -62.2533 102.4
      vertex 94.1945 -63.9988 102.4
      vertex 97.3585 -62.5712 102.4
    endloop
  endfacet
  facet normal 0 0 1
    outer loop
      vertex 97.3585 -62.5712 102.4
      vertex 94.1945 -63.9988 102.4
      vertex 97.0872 -62.8635 102.4
    endloop
  endfacet
  facet normal 0 0 1
    outer loop
      vertex 97.0872 -62.8635 102.4
      vertex 94.1945 -63.9988 102.4
      vertex 96.7882 -63.1273 102.4
    endloop
  endfacet
  facet normal 0 0 1
    outer loop
      vertex 96.7882 -63.1273 102.4
      vertex 94.1945 -63.9988 102.4
      vertex 96.4645 -63.3601 102.4
    endloop
  endfacet
  facet normal 0 0 1
    outer loop
      vertex 96.4645 -63.3601 102.4
      vertex 94.1945 -63.9988 102.4
      vertex 96.1191 -63.5595 102.4
    endloop
  endfacet
  facet normal 0 0 1
    outer loop
      vertex 96.1191 -63.5595 102.4
      vertex 94.1945 -63.9988 102.4
      vertex 95.7556 -63.7235 102.4
    endloop
  endfacet
  facet normal 0 0 1
    outer loop
      vertex 95.7556 -63.7235 102.4
      vertex 94.1945 -63.9988 102.4
      vertex 95.3776 -63.8505 102.4
    endloop
  endfacet
  facet normal 0 0 1
    outer loop
      vertex 95.3776 -63.8505 102.4
      vertex 94.1945 -63.9988 102.4
      vertex 94.9889 -63.9392 102.4
    endloop
  endfacet
  facet normal 0 0 1
    outer loop
      vertex 94.9889 -63.9392 102.4
      vertex 94.1945 -63.9988 102.4
      vertex 94.5932 -63.9888 102.4
    endloop
  endfacet
  facet normal 0 0 1
    outer loop
      vertex 98.2943 0 102.4
      vertex 21.1471 -40 102.4
      vertex 77.1471 -40 102.4
    endloop
  endfacet
  facet normal 0 0 1
    outer loop
      vertex 21.1471 -40 102.4
      vertex 3.90028 -63.9988 102.4
      vertex 21.1471 -63.9988 102.4
    endloop
  endfacet
  facet normal -0 0 1
    outer loop
      vertex 0.0049715 -60.1994 102.4
      vertex 3.90028 -63.9988 102.4
      vertex 21.1471 -40 102.4
    endloop
  endfacet
  facet normal 0 0 1
    outer loop
      vertex 3.90028 -63.9988 102.4
      vertex 0.0049715 -60.1994 102.4
      vertex 3.50262 -63.969 102.4
    endloop
  endfacet
  facet normal 0 0 1
    outer loop
      vertex 3.50262 -63.969 102.4
      vertex 0.0049715 -60.1994 102.4
      vertex 3.10992 -63.8997 102.4
    endloop
  endfacet
  facet normal 0 0 1
    outer loop
      vertex 3.10992 -63.8997 102.4
      vertex 0.0049715 -60.1994 102.4
      vertex 2.72605 -63.7917 102.4
    endloop
  endfacet
  facet normal 0 0 1
    outer loop
      vertex 2.72605 -63.7917 102.4
      vertex 0.0049715 -60.1994 102.4
      vertex 2.35485 -63.646 102.4
    endloop
  endfacet
  facet normal 0 0 1
    outer loop
      vertex 2.35485 -63.646 102.4
      vertex 0.0049715 -60.1994 102.4
      vertex 2 -63.4641 102.4
    endloop
  endfacet
  facet normal 0 0 1
    outer loop
      vertex 2 -63.4641 102.4
      vertex 0.0049715 -60.1994 102.4
      vertex 1.66502 -63.2477 102.4
    endloop
  endfacet
  facet normal 0 0 1
    outer loop
      vertex 1.66502 -63.2477 102.4
      vertex 0.0049715 -60.1994 102.4
      vertex 1.35326 -62.9991 102.4
    endloop
  endfacet
  facet normal 0 0 1
    outer loop
      vertex 1.35326 -62.9991 102.4
      vertex 0.0049715 -60.1994 102.4
      vertex 1.06779 -62.7207 102.4
    endloop
  endfacet
  facet normal 0 0 1
    outer loop
      vertex 1.06779 -62.7207 102.4
      vertex 0.0049715 -60.1994 102.4
      vertex 0.811469 -62.4152 102.4
    endloop
  endfacet
  facet normal 0 0 1
    outer loop
      vertex 0.811469 -62.4152 102.4
      vertex 0.0049715 -60.1994 102.4
      vertex 0.586836 -62.0857 102.4
    endloop
  endfacet
  facet normal 0 0 1
    outer loop
      vertex 0.586836 -62.0857 102.4
      vertex 0.0049715 -60.1994 102.4
      vertex 0.396124 -61.7355 102.4
    endloop
  endfacet
  facet normal 0 0 1
    outer loop
      vertex 0.396124 -61.7355 102.4
      vertex 0.0049715 -60.1994 102.4
      vertex 0.241229 -61.3681 102.4
    endloop
  endfacet
  facet normal 0 0 1
    outer loop
      vertex 0.241229 -61.3681 102.4
      vertex 0.0049715 -60.1994 102.4
      vertex 0.123691 -60.987 102.4
    endloop
  endfacet
  facet normal -0 0 1
    outer loop
      vertex 0.0049715 0 102.4
      vertex 21.1471 -40 102.4
      vertex 98.2943 0 102.4
    endloop
  endfacet
  facet normal 0 0 1
    outer loop
      vertex 0.0049715 -60.1994 102.4
      vertex 21.1471 -40 102.4
      vertex 0.0049715 0 102.4
    endloop
  endfacet
  facet normal 0 0 1
    outer loop
      vertex 0.123691 -60.987 102.4
      vertex 0.0049715 -60.1994 102.4
      vertex 0.0446758 -60.5962 102.4
    endloop
  endfacet
  facet normal 0 0 1
    outer loop
      vertex 94.1945 -63.9988 102.4
      vertex 77.1471 -40 102.4
      vertex 77.1471 -63.9988 102.4
    endloop
  endfacet
  facet normal -0 0.294248 0.955729
    outer loop
      vertex 0 6.6581 157.117
      vertex 98.2943 6.27808 157.234
      vertex 98.2943 6.6581 157.117
    endloop
  endfacet
  facet normal 0 0.294248 0.955729
    outer loop
      vertex 98.2943 6.27808 157.234
      vertex 0 6.6581 157.117
      vertex 0 6.27808 157.234
    endloop
  endfacet
  facet normal 0 -0.545639 0.838021
    outer loop
      vertex 0 2.44282 156.697
      vertex 98.2943 2.10954 156.48
      vertex 98.2943 2.44282 156.697
    endloop
  endfacet
  facet normal 0 -0.545639 0.838021
    outer loop
      vertex 98.2943 2.10954 156.48
      vertex 0 2.44282 156.697
      vertex 0 2.10954 156.48
    endloop
  endfacet
  facet normal -0 0.0603644 0.998176
    outer loop
      vertex 0 5.49627 157.375
      vertex 98.2943 5.09941 157.399
      vertex 98.2943 5.49627 157.375
    endloop
  endfacet
  facet normal 0 0.0603644 0.998176
    outer loop
      vertex 98.2943 5.09941 157.399
      vertex 0 5.49627 157.375
      vertex 0 5.09941 157.399
    endloop
  endfacet
  facet normal 0 -0.331975 0.943288
    outer loop
      vertex 0 3.53075 157.179
      vertex 98.2943 3.15568 157.047
      vertex 98.2943 3.53075 157.179
    endloop
  endfacet
  facet normal 0 -0.331975 0.943288
    outer loop
      vertex 98.2943 3.15568 157.047
      vertex 0 3.53075 157.179
      vertex 0 3.15568 157.047
    endloop
  endfacet
  facet normal 0 -0.905782 0.423745
    outer loop
      vertex 0 0.39017 154.336
      vertex 98.2943 0.558586 154.696
      vertex 0 0.558586 154.696
    endloop
  endfacet
  facet normal 0 -0.905782 0.423745
    outer loop
      vertex 98.2943 0.558586 154.696
      vertex 0 0.39017 154.336
      vertex 98.2943 0.39017 154.336
    endloop
  endfacet
  facet normal 0 0 -1
    outer loop
      vertex 0 0 94.4
      vertex 0.0049715 10 94.4
      vertex 0.0049715 0 94.4
    endloop
  endfacet
  facet normal -0 0 -1
    outer loop
      vertex 0.0049715 10 94.4
      vertex 0 0 94.4
      vertex 0 10 94.4
    endloop
  endfacet
  facet normal 0 1 -0
    outer loop
      vertex 0.0049715 10 94.4
      vertex 0 10 102.4
      vertex 0.0049715 10 102.4
    endloop
  endfacet
  facet normal 0 1 0
    outer loop
      vertex 0 10 102.4
      vertex 0.0049715 10 94.4
      vertex 0 10 94.4
    endloop
  endfacet
  facet normal 0 1 -0
    outer loop
      vertex 98.2943 10 112.4
      vertex 0 10 152.4
      vertex 98.2943 10 152.4
    endloop
  endfacet
  facet normal 0 1 0
    outer loop
      vertex 0 10 152.4
      vertex 98.2943 10 112.4
      vertex 0 10 112.4
    endloop
  endfacet
  facet normal 0 0.804527 0.593917
    outer loop
      vertex 98.2943 9.13652 155.209
      vertex 0 8.90029 155.529
      vertex 98.2943 8.90029 155.529
    endloop
  endfacet
  facet normal 0 0.804527 0.593917
    outer loop
      vertex 0 8.90029 155.529
      vertex 98.2943 9.13652 155.209
      vertex 0 9.13652 155.209
    endloop
  endfacet
  facet normal 0 0.996833 0.0795201
    outer loop
      vertex 98.2943 9.99605 152.599
      vertex 0 9.96446 152.995
      vertex 98.2943 9.96446 152.995
    endloop
  endfacet
  facet normal 0 0.996833 0.0795201
    outer loop
      vertex 0 9.96446 152.995
      vertex 98.2943 9.99605 152.599
      vertex 0 9.99605 152.599
    endloop
  endfacet
  facet normal 0 0.999803 0.0198453
    outer loop
      vertex 98.2943 10 152.4
      vertex 0 9.99605 152.599
      vertex 98.2943 9.99605 152.599
    endloop
  endfacet
  facet normal 0 0.999803 0.0198453
    outer loop
      vertex 0 9.99605 152.599
      vertex 98.2943 10 152.4
      vertex 0 10 152.4
    endloop
  endfacet
  facet normal 0 -0.999208 0.0397801
    outer loop
      vertex 0 0 152.4
      vertex 98.2943 0.0158052 152.797
      vertex 0 0.0158052 152.797
    endloop
  endfacet
  facet normal 0 -0.999208 0.0397801
    outer loop
      vertex 98.2943 0.0158052 152.797
      vertex 0 0 152.4
      vertex 98.2943 0 152.4
    endloop
  endfacet
  facet normal 0 -0.669986 0.742374
    outer loop
      vertex 0 1.79453 156.237
      vertex 98.2943 1.49979 155.971
      vertex 98.2943 1.79453 156.237
    endloop
  endfacet
  facet normal 0 -0.669986 0.742374
    outer loop
      vertex 98.2943 1.49979 155.971
      vertex 0 1.79453 156.237
      vertex 0 1.49979 155.971
    endloop
  endfacet
  facet normal 0 0.849317 0.527883
    outer loop
      vertex 98.2943 9.3466 154.871
      vertex 0 9.13652 155.209
      vertex 98.2943 9.13652 155.209
    endloop
  endfacet
  facet normal 0 0.849317 0.527883
    outer loop
      vertex 0 9.13652 155.209
      vertex 98.2943 9.3466 154.871
      vertex 0 9.3466 154.871
    endloop
  endfacet
  facet normal -0 0.699644 0.714492
    outer loop
      vertex 0 8.63939 155.829
      vertex 98.2943 8.35549 156.107
      vertex 98.2943 8.63939 155.829
    endloop
  endfacet
  facet normal 0 0.699644 0.714492
    outer loop
      vertex 98.2943 8.35549 156.107
      vertex 0 8.63939 155.829
      vertex 0 8.35549 156.107
    endloop
  endfacet
  facet normal 0 0.94992 0.312493
    outer loop
      vertex 98.2943 9.80752 153.774
      vertex 0 9.68317 154.152
      vertex 98.2943 9.68317 154.152
    endloop
  endfacet
  facet normal 0 0.94992 0.312493
    outer loop
      vertex 0 9.68317 154.152
      vertex 98.2943 9.80752 153.774
      vertex 0 9.80752 153.774
    endloop
  endfacet
  facet normal 0 0.987405 0.158211
    outer loop
      vertex 98.2943 9.96446 152.995
      vertex 0 9.90149 153.388
      vertex 98.2943 9.90149 153.388
    endloop
  endfacet
  facet normal 0 0.987405 0.158211
    outer loop
      vertex 0 9.90149 153.388
      vertex 98.2943 9.96446 152.995
      vertex 0 9.96446 152.995
    endloop
  endfacet
  facet normal 0 -1 0
    outer loop
      vertex 0 0 152.4
      vertex 0.0049715 0 102.4
      vertex 98.2943 0 152.4
    endloop
  endfacet
  facet normal 0 -1 0
    outer loop
      vertex 0 0 94.4
      vertex 0.0049715 0 102.4
      vertex 0 0 152.4
    endloop
  endfacet
  facet normal 0 -1 -0
    outer loop
      vertex 0.0049715 0 102.4
      vertex 0 0 94.4
      vertex 0.0049715 0 94.4
    endloop
  endfacet
  facet normal 0 -1 -0
    outer loop
      vertex 98.2943 0 152.4
      vertex 0.0049715 0 102.4
      vertex 98.2943 0 102.4
    endloop
  endfacet
  facet normal 0 -0.992901 0.118941
    outer loop
      vertex 0 0.0158052 152.797
      vertex 98.2943 0.0631227 153.192
      vertex 0 0.0631227 153.192
    endloop
  endfacet
  facet normal 0 -0.992901 0.118941
    outer loop
      vertex 98.2943 0.0631227 153.192
      vertex 0 0.0158052 152.797
      vertex 98.2943 0.0158052 152.797
    endloop
  endfacet
  facet normal -0 0.21635 0.976316
    outer loop
      vertex 0 6.27808 157.234
      vertex 98.2943 5.88999 157.32
      vertex 98.2943 6.27808 157.234
    endloop
  endfacet
  facet normal 0 0.21635 0.976316
    outer loop
      vertex 98.2943 5.88999 157.32
      vertex 0 6.27808 157.234
      vertex 0 5.88999 157.32
    endloop
  endfacet
  facet normal -0 0.36963 0.929179
    outer loop
      vertex 0 7.02763 156.97
      vertex 98.2943 6.6581 157.117
      vertex 98.2943 7.02763 156.97
    endloop
  endfacet
  facet normal 0 0.36963 0.929179
    outer loop
      vertex 98.2943 6.6581 157.117
      vertex 0 7.02763 156.97
      vertex 0 6.6581 157.117
    endloop
  endfacet
  facet normal 0 -0.475728 0.879593
    outer loop
      vertex 0 2.79227 156.886
      vertex 98.2943 2.44282 156.697
      vertex 98.2943 2.79227 156.886
    endloop
  endfacet
  facet normal 0 -0.475728 0.879593
    outer loop
      vertex 98.2943 2.44282 156.697
      vertex 0 2.79227 156.886
      vertex 0 2.44282 156.697
    endloop
  endfacet
  facet normal -0 0.57838 0.815767
    outer loop
      vertex 0 8.05037 156.362
      vertex 98.2943 7.72597 156.592
      vertex 98.2943 8.05037 156.362
    endloop
  endfacet
  facet normal 0 0.57838 0.815767
    outer loop
      vertex 98.2943 7.72597 156.592
      vertex 0 8.05037 156.362
      vertex 0 7.72597 156.592
    endloop
  endfacet
  facet normal -0 0.440446 0.897779
    outer loop
      vertex 0 7.38434 156.795
      vertex 98.2943 7.02763 156.97
      vertex 98.2943 7.38434 156.795
    endloop
  endfacet
  facet normal 0 0.440446 0.897779
    outer loop
      vertex 98.2943 7.02763 156.97
      vertex 0 7.38434 156.795
      vertex 0 7.02763 156.97
    endloop
  endfacet
  facet normal -0 0.13835 0.990383
    outer loop
      vertex 0 5.88999 157.32
      vertex 98.2943 5.49627 157.375
      vertex 98.2943 5.88999 157.32
    endloop
  endfacet
  facet normal 0 0.13835 0.990383
    outer loop
      vertex 98.2943 5.49627 157.375
      vertex 0 5.88999 157.32
      vertex 0 5.49627 157.375
    endloop
  endfacet
  facet normal 0 0.971622 0.236537
    outer loop
      vertex 98.2943 9.90149 153.388
      vertex 0 9.80752 153.774
      vertex 98.2943 9.80752 153.774
    endloop
  endfacet
  facet normal 0 0.971622 0.236537
    outer loop
      vertex 0 9.80752 153.774
      vertex 98.2943 9.90149 153.388
      vertex 0 9.90149 153.388
    endloop
  endfacet
  facet normal 0 -0.980323 0.197398
    outer loop
      vertex 0 0.0631227 153.192
      vertex 98.2943 0.141653 153.582
      vertex 0 0.141653 153.582
    endloop
  endfacet
  facet normal 0 -0.980323 0.197398
    outer loop
      vertex 98.2943 0.141653 153.582
      vertex 0 0.0631227 153.192
      vertex 98.2943 0.0631227 153.192
    endloop
  endfacet
  facet normal -0 0.641272 0.767314
    outer loop
      vertex 0 8.35549 156.107
      vertex 98.2943 8.05037 156.362
      vertex 98.2943 8.35549 156.107
    endloop
  endfacet
  facet normal 0 0.641272 0.767314
    outer loop
      vertex 98.2943 8.05037 156.362
      vertex 0 8.35549 156.107
      vertex 0 8.05037 156.362
    endloop
  endfacet
  facet normal -1 0 0
    outer loop
      vertex 0 0 94.4
      vertex 0 10 102.4
      vertex 0 10 94.4
    endloop
  endfacet
  facet normal -1 -0 0
    outer loop
      vertex 0 10 102.4
      vertex 0 0 94.4
      vertex 0 10 112.4
    endloop
  endfacet
  facet normal -1 0 0
    outer loop
      vertex 0 10 112.4
      vertex 0 0 152.4
      vertex 0 10 152.4
    endloop
  endfacet
  facet normal -1 0 0
    outer loop
      vertex 0 10 152.4
      vertex 0 0 152.4
      vertex 0 9.99605 152.599
    endloop
  endfacet
  facet normal -1 -0 0
    outer loop
      vertex 0 9.99605 152.599
      vertex 0 0 152.4
      vertex 0 9.96446 152.995
    endloop
  endfacet
  facet normal -1 -0 0
    outer loop
      vertex 0 9.96446 152.995
      vertex 0 0 152.4
      vertex 0 9.90149 153.388
    endloop
  endfacet
  facet normal -1 -0 0
    outer loop
      vertex 0 9.90149 153.388
      vertex 0 0 152.4
      vertex 0 9.80752 153.774
    endloop
  endfacet
  facet normal -1 -0 0
    outer loop
      vertex 0 9.80752 153.774
      vertex 0 0 152.4
      vertex 0 9.68317 154.152
    endloop
  endfacet
  facet normal -1 -0 0
    outer loop
      vertex 0 9.68317 154.152
      vertex 0 0 152.4
      vertex 0 9.5292 154.518
    endloop
  endfacet
  facet normal -1 -0 0
    outer loop
      vertex 0 9.5292 154.518
      vertex 0 0 152.4
      vertex 0 9.3466 154.871
    endloop
  endfacet
  facet normal -1 -0 0
    outer loop
      vertex 0 9.3466 154.871
      vertex 0 0 152.4
      vertex 0 9.13652 155.209
    endloop
  endfacet
  facet normal -1 -0 0
    outer loop
      vertex 0 9.13652 155.209
      vertex 0 0 152.4
      vertex 0 8.90029 155.529
    endloop
  endfacet
  facet normal -1 -0 0
    outer loop
      vertex 0 8.90029 155.529
      vertex 0 0 152.4
      vertex 0 8.63939 155.829
    endloop
  endfacet
  facet normal -1 -0 0
    outer loop
      vertex 0 8.63939 155.829
      vertex 0 0 152.4
      vertex 0 8.35549 156.107
    endloop
  endfacet
  facet normal -1 -0 0
    outer loop
      vertex 0 8.35549 156.107
      vertex 0 0 152.4
      vertex 0 8.05037 156.362
    endloop
  endfacet
  facet normal -1 -0 0
    outer loop
      vertex 0 8.05037 156.362
      vertex 0 0 152.4
      vertex 0 7.72597 156.592
    endloop
  endfacet
  facet normal -1 -0 0
    outer loop
      vertex 0 7.72597 156.592
      vertex 0 0 152.4
      vertex 0 7.38434 156.795
    endloop
  endfacet
  facet normal -1 -0 0
    outer loop
      vertex 0 7.38434 156.795
      vertex 0 0 152.4
      vertex 0 7.02763 156.97
    endloop
  endfacet
  facet normal -1 -0 0
    outer loop
      vertex 0 7.02763 156.97
      vertex 0 0 152.4
      vertex 0 6.6581 157.117
    endloop
  endfacet
  facet normal -1 -0 0
    outer loop
      vertex 0 6.6581 157.117
      vertex 0 0 152.4
      vertex 0 6.27808 157.234
    endloop
  endfacet
  facet normal -1 -0 0
    outer loop
      vertex 0 6.27808 157.234
      vertex 0 0 152.4
      vertex 0 5.88999 157.32
    endloop
  endfacet
  facet normal -1 -0 0
    outer loop
      vertex 0 5.88999 157.32
      vertex 0 0 152.4
      vertex 0 5.49627 157.375
    endloop
  endfacet
  facet normal -1 -0 0
    outer loop
      vertex 0 5.49627 157.375
      vertex 0 0 152.4
      vertex 0 5.09941 157.399
    endloop
  endfacet
  facet normal -1 0 0
    outer loop
      vertex 0 5.09941 157.399
      vertex 0 0 152.4
      vertex 0 4.70192 157.391
    endloop
  endfacet
  facet normal -1 0 0
    outer loop
      vertex 0 4.70192 157.391
      vertex 0 0 152.4
      vertex 0 4.30632 157.352
    endloop
  endfacet
  facet normal -1 0 0
    outer loop
      vertex 0 4.30632 157.352
      vertex 0 0 152.4
      vertex 0 3.91511 157.281
    endloop
  endfacet
  facet normal -1 0 0
    outer loop
      vertex 0 3.91511 157.281
      vertex 0 0 152.4
      vertex 0 3.53075 157.179
    endloop
  endfacet
  facet normal -1 0 0
    outer loop
      vertex 0 3.53075 157.179
      vertex 0 0 152.4
      vertex 0 3.15568 157.047
    endloop
  endfacet
  facet normal -1 0 0
    outer loop
      vertex 0 3.15568 157.047
      vertex 0 0 152.4
      vertex 0 2.79227 156.886
    endloop
  endfacet
  facet normal -1 0 0
    outer loop
      vertex 0 2.79227 156.886
      vertex 0 0 152.4
      vertex 0 2.44282 156.697
    endloop
  endfacet
  facet normal -1 0 0
    outer loop
      vertex 0 2.44282 156.697
      vertex 0 0 152.4
      vertex 0 2.10954 156.48
    endloop
  endfacet
  facet normal -1 0 0
    outer loop
      vertex 0 2.10954 156.48
      vertex 0 0 152.4
      vertex 0 1.79453 156.237
    endloop
  endfacet
  facet normal -1 0 0
    outer loop
      vertex 0 1.79453 156.237
      vertex 0 0 152.4
      vertex 0 1.49979 155.971
    endloop
  endfacet
  facet normal -1 0 0
    outer loop
      vertex 0 1.49979 155.971
      vertex 0 0 152.4
      vertex 0 1.22718 155.681
    endloop
  endfacet
  facet normal -1 0 0
    outer loop
      vertex 0 1.22718 155.681
      vertex 0 0 152.4
      vertex 0 0.978416 155.371
    endloop
  endfacet
  facet normal -1 0 0
    outer loop
      vertex 0 0.978416 155.371
      vertex 0 0 152.4
      vertex 0 0.755083 155.042
    endloop
  endfacet
  facet normal -1 0 0
    outer loop
      vertex 0 0.755083 155.042
      vertex 0 0 152.4
      vertex 0 0.558586 154.696
    endloop
  endfacet
  facet normal -1 0 0
    outer loop
      vertex 0 0.558586 154.696
      vertex 0 0 152.4
      vertex 0 0.39017 154.336
    endloop
  endfacet
  facet normal -1 0 0
    outer loop
      vertex 0 0.39017 154.336
      vertex 0 0 152.4
      vertex 0 0.250899 153.964
    endloop
  endfacet
  facet normal -1 0 0
    outer loop
      vertex 0 0.250899 153.964
      vertex 0 0 152.4
      vertex 0 0.141653 153.582
    endloop
  endfacet
  facet normal -1 0 0
    outer loop
      vertex 0 0.141653 153.582
      vertex 0 0 152.4
      vertex 0 0.0631227 153.192
    endloop
  endfacet
  facet normal -1 -0 0
    outer loop
      vertex 0 10 112.4
      vertex 0 0 94.4
      vertex 0 0 152.4
    endloop
  endfacet
  facet normal -1 0 0
    outer loop
      vertex 0 0.0631227 153.192
      vertex 0 0 152.4
      vertex 0 0.0158052 152.797
    endloop
  endfacet
  facet normal -1 0 0
    outer loop
      vertex 0 20 102.4
      vertex 0 10 102.4
      vertex 0 10 112.4
    endloop
  endfacet
  facet normal 0 -0.961455 0.274961
    outer loop
      vertex 0 0.141653 153.582
      vertex 98.2943 0.250899 153.964
      vertex 0 0.250899 153.964
    endloop
  endfacet
  facet normal 0 -0.961455 0.274961
    outer loop
      vertex 98.2943 0.250899 153.964
      vertex 0 0.141653 153.582
      vertex 98.2943 0.141653 153.582
    endloop
  endfacet
  facet normal 0 -0.0201222 0.999798
    outer loop
      vertex 0 5.09941 157.399
      vertex 98.2943 4.70192 157.391
      vertex 98.2943 5.09941 157.399
    endloop
  endfacet
  facet normal 0 -0.0201222 0.999798
    outer loop
      vertex 98.2943 4.70192 157.391
      vertex 0 5.09941 157.399
      vertex 0 4.70192 157.391
    endloop
  endfacet
  facet normal -0 0.510831 0.859681
    outer loop
      vertex 0 7.72597 156.592
      vertex 98.2943 7.38434 156.795
      vertex 98.2943 7.72597 156.592
    endloop
  endfacet
  facet normal 0 0.510831 0.859681
    outer loop
      vertex 98.2943 7.38434 156.795
      vertex 0 7.72597 156.592
      vertex 0 7.38434 156.795
    endloop
  endfacet
  facet normal 0 0.754568 0.656222
    outer loop
      vertex 98.2943 8.90029 155.529
      vertex 0 8.63939 155.829
      vertex 98.2943 8.63939 155.829
    endloop
  endfacet
  facet normal 0 0.754568 0.656222
    outer loop
      vertex 0 8.63939 155.829
      vertex 98.2943 8.90029 155.529
      vertex 0 8.90029 155.529
    endloop
  endfacet
  facet normal 0 0.921757 0.387768
    outer loop
      vertex 98.2943 9.68317 154.152
      vertex 0 9.5292 154.518
      vertex 98.2943 9.5292 154.518
    endloop
  endfacet
  facet normal 0 0.921757 0.387768
    outer loop
      vertex 0 9.5292 154.518
      vertex 98.2943 9.68317 154.152
      vertex 0 9.68317 154.152
    endloop
  endfacet
  facet normal 0 -0.936519 0.350618
    outer loop
      vertex 0 0.250899 153.964
      vertex 98.2943 0.39017 154.336
      vertex 0 0.39017 154.336
    endloop
  endfacet
  facet normal 0 -0.936519 0.350618
    outer loop
      vertex 98.2943 0.39017 154.336
      vertex 0 0.250899 153.964
      vertex 98.2943 0.250899 153.964
    endloop
  endfacet
  facet normal 0 -0.610791 0.791792
    outer loop
      vertex 0 2.10954 156.48
      vertex 98.2943 1.79453 156.237
      vertex 98.2943 2.10954 156.48
    endloop
  endfacet
  facet normal 0 -0.610791 0.791792
    outer loop
      vertex 98.2943 1.79453 156.237
      vertex 0 2.10954 156.48
      vertex 0 1.79453 156.237
    endloop
  endfacet
  facet normal 0 -0.0981088 0.995176
    outer loop
      vertex 0 4.70192 157.391
      vertex 98.2943 4.30632 157.352
      vertex 98.2943 4.70192 157.391
    endloop
  endfacet
  facet normal 0 -0.0981088 0.995176
    outer loop
      vertex 98.2943 4.30632 157.352
      vertex 0 4.70192 157.391
      vertex 0 4.30632 157.352
    endloop
  endfacet
  facet normal 0 -0.728615 0.684923
    outer loop
      vertex 0 1.22718 155.681
      vertex 98.2943 1.49979 155.971
      vertex 0 1.49979 155.971
    endloop
  endfacet
  facet normal 0 -0.728615 0.684923
    outer loop
      vertex 98.2943 1.49979 155.971
      vertex 0 1.22718 155.681
      vertex 98.2943 1.22718 155.681
    endloop
  endfacet
  facet normal 0 0.888203 0.45945
    outer loop
      vertex 98.2943 9.5292 154.518
      vertex 0 9.3466 154.871
      vertex 98.2943 9.3466 154.871
    endloop
  endfacet
  facet normal 0 0.888203 0.45945
    outer loop
      vertex 0 9.3466 154.871
      vertex 98.2943 9.5292 154.518
      vertex 0 9.5292 154.518
    endloop
  endfacet
  facet normal 0 -0.256498 0.966545
    outer loop
      vertex 0 3.91511 157.281
      vertex 98.2943 3.53075 157.179
      vertex 98.2943 3.91511 157.281
    endloop
  endfacet
  facet normal 0 -0.256498 0.966545
    outer loop
      vertex 98.2943 3.53075 157.179
      vertex 0 3.91511 157.281
      vertex 0 3.53075 157.179
    endloop
  endfacet
  facet normal 0 -0.405055 0.914292
    outer loop
      vertex 0 3.15568 157.047
      vertex 98.2943 2.79227 156.886
      vertex 98.2943 3.15568 157.047
    endloop
  endfacet
  facet normal 0 -0.405055 0.914292
    outer loop
      vertex 98.2943 2.79227 156.886
      vertex 0 3.15568 157.047
      vertex 0 2.79227 156.886
    endloop
  endfacet
  facet normal 0 -0.827379 0.561644
    outer loop
      vertex 0 0.755083 155.042
      vertex 98.2943 0.978416 155.371
      vertex 0 0.978416 155.371
    endloop
  endfacet
  facet normal 0 -0.827379 0.561644
    outer loop
      vertex 98.2943 0.978416 155.371
      vertex 0 0.755083 155.042
      vertex 98.2943 0.755083 155.042
    endloop
  endfacet
  facet normal 0 -0.178571 0.983927
    outer loop
      vertex 0 4.30632 157.352
      vertex 98.2943 3.91511 157.281
      vertex 98.2943 4.30632 157.352
    endloop
  endfacet
  facet normal 0 -0.178571 0.983927
    outer loop
      vertex 98.2943 3.91511 157.281
      vertex 0 4.30632 157.352
      vertex 0 3.91511 157.281
    endloop
  endfacet
  facet normal 0 -0.77993 0.625866
    outer loop
      vertex 0 0.978416 155.371
      vertex 98.2943 1.22718 155.681
      vertex 0 1.22718 155.681
    endloop
  endfacet
  facet normal 0 -0.77993 0.625866
    outer loop
      vertex 98.2943 1.22718 155.681
      vertex 0 0.978416 155.371
      vertex 98.2943 0.978416 155.371
    endloop
  endfacet
  facet normal 0 -0.869558 0.493831
    outer loop
      vertex 0 0.558586 154.696
      vertex 98.2943 0.755083 155.042
      vertex 0 0.755083 155.042
    endloop
  endfacet
  facet normal 0 -0.869558 0.493831
    outer loop
      vertex 98.2943 0.755083 155.042
      vertex 0 0.558586 154.696
      vertex 98.2943 0.558586 154.696
    endloop
  endfacet
  facet normal 0 -0.544697 0.838633
    outer loop
      vertex 21.1471 -59.7279 156.058
      vertex 77.1471 -60.062 155.841
      vertex 77.1471 -59.7279 156.058
    endloop
  endfacet
  facet normal 0 -0.544697 0.838633
    outer loop
      vertex 77.1471 -60.062 155.841
      vertex 21.1471 -59.7279 156.058
      vertex 21.1471 -60.062 155.841
    endloop
  endfacet
  facet normal 0 -1 0
    outer loop
      vertex 21.1471 -64 148.4
      vertex 49.1421 -64 144.926
      vertex 77.1471 -64 148.4
    endloop
  endfacet
  facet normal 0 -1 0
    outer loop
      vertex 21.1471 -64 148.4
      vertex 43.2076 -64 138.98
      vertex 49.1421 -64 144.926
    endloop
  endfacet
  facet normal 0 -1 0
    outer loop
      vertex 21.1471 -64 148.4
      vertex 42.9291 -64 138.695
      vertex 43.2076 -64 138.98
    endloop
  endfacet
  facet normal 0 -1 0
    outer loop
      vertex 21.1471 -64 148.4
      vertex 42.6643 -64 138.398
      vertex 42.9291 -64 138.695
    endloop
  endfacet
  facet normal 0 -1 0
    outer loop
      vertex 21.1471 -64 148.4
      vertex 42.4138 -64 138.088
      vertex 42.6643 -64 138.398
    endloop
  endfacet
  facet normal 0 -1 0
    outer loop
      vertex 21.1471 -64 148.4
      vertex 42.178 -64 137.766
      vertex 42.4138 -64 138.088
    endloop
  endfacet
  facet normal 0 -1 0
    outer loop
      vertex 21.1471 -64 148.4
      vertex 41.9576 -64 137.434
      vertex 42.178 -64 137.766
    endloop
  endfacet
  facet normal 0 -1 0
    outer loop
      vertex 21.1471 -64 148.4
      vertex 41.7529 -64 137.092
      vertex 41.9576 -64 137.434
    endloop
  endfacet
  facet normal 0 -1 0
    outer loop
      vertex 21.1471 -64 148.4
      vertex 41.5646 -64 136.741
      vertex 41.7529 -64 137.092
    endloop
  endfacet
  facet normal 0 -1 0
    outer loop
      vertex 21.1471 -64 148.4
      vertex 41.3928 -64 136.382
      vertex 41.5646 -64 136.741
    endloop
  endfacet
  facet normal 0 -1 0
    outer loop
      vertex 21.1471 -64 148.4
      vertex 41.2382 -64 136.014
      vertex 41.3928 -64 136.382
    endloop
  endfacet
  facet normal 0 -1 0
    outer loop
      vertex 21.1471 -64 148.4
      vertex 41.1009 -64 135.64
      vertex 41.2382 -64 136.014
    endloop
  endfacet
  facet normal 0 -1 0
    outer loop
      vertex 21.1471 -64 148.4
      vertex 40.9813 -64 135.26
      vertex 41.1009 -64 135.64
    endloop
  endfacet
  facet normal 0 -1 0
    outer loop
      vertex 21.1471 -64 148.4
      vertex 40.8797 -64 134.875
      vertex 40.9813 -64 135.26
    endloop
  endfacet
  facet normal 0 -1 0
    outer loop
      vertex 21.1471 -64 148.4
      vertex 40.7962 -64 134.485
      vertex 40.8797 -64 134.875
    endloop
  endfacet
  facet normal 0 -1 0
    outer loop
      vertex 21.1471 -64 148.4
      vertex 40.7311 -64 134.092
      vertex 40.7962 -64 134.485
    endloop
  endfacet
  facet normal 0 -1 0
    outer loop
      vertex 21.1471 -64 148.4
      vertex 40.6845 -64 133.696
      vertex 40.7311 -64 134.092
    endloop
  endfacet
  facet normal 0 -1 0
    outer loop
      vertex 21.1471 -64 148.4
      vertex 40.6565 -64 133.298
      vertex 40.6845 -64 133.696
    endloop
  endfacet
  facet normal 0 -1 0
    outer loop
      vertex 21.1471 -64 148.4
      vertex 40.6471 -64 132.9
      vertex 40.6565 -64 133.298
    endloop
  endfacet
  facet normal 0 -1 0
    outer loop
      vertex 21.1471 -64 148.4
      vertex 40.6565 -64 132.502
      vertex 40.6471 -64 132.9
    endloop
  endfacet
  facet normal 0 -1 0
    outer loop
      vertex 21.1471 -64 148.4
      vertex 40.6845 -64 132.104
      vertex 40.6565 -64 132.502
    endloop
  endfacet
  facet normal 0 -1 0
    outer loop
      vertex 21.1471 -64 148.4
      vertex 40.7311 -64 131.708
      vertex 40.6845 -64 132.104
    endloop
  endfacet
  facet normal 0 -1 0
    outer loop
      vertex 21.1471 -64 148.4
      vertex 40.7962 -64 131.315
      vertex 40.7311 -64 131.708
    endloop
  endfacet
  facet normal 0 -1 0
    outer loop
      vertex 21.1471 -64 148.4
      vertex 40.8797 -64 130.925
      vertex 40.7962 -64 131.315
    endloop
  endfacet
  facet normal 0 -1 0
    outer loop
      vertex 21.1471 -64 148.4
      vertex 40.9813 -64 130.54
      vertex 40.8797 -64 130.925
    endloop
  endfacet
  facet normal 0 -1 0
    outer loop
      vertex 21.1471 -64 148.4
      vertex 41.1009 -64 130.16
      vertex 40.9813 -64 130.54
    endloop
  endfacet
  facet normal 0 -1 0
    outer loop
      vertex 21.1471 -64 94.4
      vertex 41.1009 -64 130.16
      vertex 21.1471 -64 148.4
    endloop
  endfacet
  facet normal 0 -1 -0
    outer loop
      vertex 41.1009 -64 130.16
      vertex 21.1471 -64 94.4
      vertex 41.2382 -64 129.786
    endloop
  endfacet
  facet normal 0 -1 -0
    outer loop
      vertex 41.2382 -64 129.786
      vertex 21.1471 -64 94.4
      vertex 41.3928 -64 129.418
    endloop
  endfacet
  facet normal 0 -1 -0
    outer loop
      vertex 41.3928 -64 129.418
      vertex 21.1471 -64 94.4
      vertex 41.5646 -64 129.059
    endloop
  endfacet
  facet normal 0 -1 -0
    outer loop
      vertex 41.5646 -64 129.059
      vertex 21.1471 -64 94.4
      vertex 41.7529 -64 128.708
    endloop
  endfacet
  facet normal 0 -1 -0
    outer loop
      vertex 41.7529 -64 128.708
      vertex 21.1471 -64 94.4
      vertex 41.9576 -64 128.366
    endloop
  endfacet
  facet normal 0 -1 -0
    outer loop
      vertex 41.9576 -64 128.366
      vertex 21.1471 -64 94.4
      vertex 42.178 -64 128.034
    endloop
  endfacet
  facet normal 0 -1 -0
    outer loop
      vertex 42.178 -64 128.034
      vertex 21.1471 -64 94.4
      vertex 42.4138 -64 127.712
    endloop
  endfacet
  facet normal 0 -1 -0
    outer loop
      vertex 42.4138 -64 127.712
      vertex 21.1471 -64 94.4
      vertex 42.6643 -64 127.402
    endloop
  endfacet
  facet normal 0 -1 0
    outer loop
      vertex 32.4 -64 94.4
      vertex 42.6643 -64 127.402
      vertex 21.1471 -64 94.4
    endloop
  endfacet
  facet normal 0 -1 -0
    outer loop
      vertex 48.153 -64 124.458
      vertex 34.8 -64 94.4
      vertex 48.5498 -64 124.421
    endloop
  endfacet
  facet normal 0 -1 -0
    outer loop
      vertex 47.7584 -64 124.514
      vertex 34.8 -64 94.4
      vertex 48.153 -64 124.458
    endloop
  endfacet
  facet normal 0 -1 -0
    outer loop
      vertex 47.3669 -64 124.589
      vertex 34.8 -64 94.4
      vertex 47.7584 -64 124.514
    endloop
  endfacet
  facet normal 0 -1 -0
    outer loop
      vertex 46.9793 -64 124.681
      vertex 34.8 -64 94.4
      vertex 47.3669 -64 124.589
    endloop
  endfacet
  facet normal 0 -1 -0
    outer loop
      vertex 46.5964 -64 124.792
      vertex 34.8 -64 94.4
      vertex 46.9793 -64 124.681
    endloop
  endfacet
  facet normal 0 -1 -0
    outer loop
      vertex 46.2192 -64 124.92
      vertex 34.8 -64 94.4
      vertex 46.5964 -64 124.792
    endloop
  endfacet
  facet normal 0 -1 -0
    outer loop
      vertex 45.8484 -64 125.066
      vertex 34.8 -64 94.4
      vertex 46.2192 -64 124.92
    endloop
  endfacet
  facet normal 0 -1 -0
    outer loop
      vertex 45.4848 -64 125.229
      vertex 34.8 -64 94.4
      vertex 45.8484 -64 125.066
    endloop
  endfacet
  facet normal 0 -1 -0
    outer loop
      vertex 45.1293 -64 125.41
      vertex 34.8 -64 94.4
      vertex 45.4848 -64 125.229
    endloop
  endfacet
  facet normal 0 -1 -0
    outer loop
      vertex 44.7826 -64 125.606
      vertex 34.8 -64 94.4
      vertex 45.1293 -64 125.41
    endloop
  endfacet
  facet normal 0 -1 -0
    outer loop
      vertex 44.4455 -64 125.819
      vertex 34.8 -64 94.4
      vertex 44.7826 -64 125.606
    endloop
  endfacet
  facet normal 0 -1 -0
    outer loop
      vertex 44.1188 -64 126.047
      vertex 34.8 -64 94.4
      vertex 44.4455 -64 125.819
    endloop
  endfacet
  facet normal 0 -1 0
    outer loop
      vertex 34.8 -64 94.4
      vertex 44.1188 -64 126.047
      vertex 32.4 -64 94.4
    endloop
  endfacet
  facet normal 0 -1 -0
    outer loop
      vertex 43.8031 -64 126.29
      vertex 32.4 -64 94.4
      vertex 44.1188 -64 126.047
    endloop
  endfacet
  facet normal 0 -1 -0
    outer loop
      vertex 43.4991 -64 126.548
      vertex 32.4 -64 94.4
      vertex 43.8031 -64 126.29
    endloop
  endfacet
  facet normal 0 -1 -0
    outer loop
      vertex 43.2076 -64 126.82
      vertex 32.4 -64 94.4
      vertex 43.4991 -64 126.548
    endloop
  endfacet
  facet normal 0 -1 -0
    outer loop
      vertex 42.9291 -64 127.105
      vertex 32.4 -64 94.4
      vertex 43.2076 -64 126.82
    endloop
  endfacet
  facet normal 0 -1 -0
    outer loop
      vertex 42.6643 -64 127.402
      vertex 32.4 -64 94.4
      vertex 42.9291 -64 127.105
    endloop
  endfacet
  facet normal 0 -1 0
    outer loop
      vertex 49.1521 -64 144.926
      vertex 77.1471 -64 148.4
      vertex 49.1421 -64 144.926
    endloop
  endfacet
  facet normal 0 -1 0
    outer loop
      vertex 55.0867 -64 138.98
      vertex 77.1471 -64 148.4
      vertex 49.1521 -64 144.926
    endloop
  endfacet
  facet normal 0 -1 0
    outer loop
      vertex 55.3652 -64 138.695
      vertex 77.1471 -64 148.4
      vertex 55.0867 -64 138.98
    endloop
  endfacet
  facet normal 0 -1 0
    outer loop
      vertex 55.63 -64 138.398
      vertex 77.1471 -64 148.4
      vertex 55.3652 -64 138.695
    endloop
  endfacet
  facet normal 0 -1 0
    outer loop
      vertex 55.8805 -64 138.088
      vertex 77.1471 -64 148.4
      vertex 55.63 -64 138.398
    endloop
  endfacet
  facet normal 0 -1 0
    outer loop
      vertex 56.1163 -64 137.766
      vertex 77.1471 -64 148.4
      vertex 55.8805 -64 138.088
    endloop
  endfacet
  facet normal 0 -1 0
    outer loop
      vertex 56.3367 -64 137.434
      vertex 77.1471 -64 148.4
      vertex 56.1163 -64 137.766
    endloop
  endfacet
  facet normal 0 -1 0
    outer loop
      vertex 56.5413 -64 137.092
      vertex 77.1471 -64 148.4
      vertex 56.3367 -64 137.434
    endloop
  endfacet
  facet normal 0 -1 0
    outer loop
      vertex 56.7297 -64 136.741
      vertex 77.1471 -64 148.4
      vertex 56.5413 -64 137.092
    endloop
  endfacet
  facet normal 0 -1 0
    outer loop
      vertex 56.9014 -64 136.382
      vertex 77.1471 -64 148.4
      vertex 56.7297 -64 136.741
    endloop
  endfacet
  facet normal 0 -1 0
    outer loop
      vertex 57.0561 -64 136.014
      vertex 77.1471 -64 148.4
      vertex 56.9014 -64 136.382
    endloop
  endfacet
  facet normal 0 -1 0
    outer loop
      vertex 57.1934 -64 135.64
      vertex 77.1471 -64 148.4
      vertex 57.0561 -64 136.014
    endloop
  endfacet
  facet normal 0 -1 0
    outer loop
      vertex 57.313 -64 135.26
      vertex 77.1471 -64 148.4
      vertex 57.1934 -64 135.64
    endloop
  endfacet
  facet normal 0 -1 0
    outer loop
      vertex 57.4146 -64 134.875
      vertex 77.1471 -64 148.4
      vertex 57.313 -64 135.26
    endloop
  endfacet
  facet normal 0 -1 0
    outer loop
      vertex 57.4981 -64 134.485
      vertex 77.1471 -64 148.4
      vertex 57.4146 -64 134.875
    endloop
  endfacet
  facet normal 0 -1 0
    outer loop
      vertex 57.5632 -64 134.092
      vertex 77.1471 -64 148.4
      vertex 57.4981 -64 134.485
    endloop
  endfacet
  facet normal 0 -1 0
    outer loop
      vertex 57.6098 -64 133.696
      vertex 77.1471 -64 148.4
      vertex 57.5632 -64 134.092
    endloop
  endfacet
  facet normal 0 -1 0
    outer loop
      vertex 57.6378 -64 133.298
      vertex 77.1471 -64 148.4
      vertex 57.6098 -64 133.696
    endloop
  endfacet
  facet normal 0 -1 0
    outer loop
      vertex 57.6471 -64 132.9
      vertex 77.1471 -64 148.4
      vertex 57.6378 -64 133.298
    endloop
  endfacet
  facet normal 0 -1 0
    outer loop
      vertex 57.6378 -64 132.502
      vertex 77.1471 -64 148.4
      vertex 57.6471 -64 132.9
    endloop
  endfacet
  facet normal 0 -1 0
    outer loop
      vertex 57.6098 -64 132.104
      vertex 77.1471 -64 148.4
      vertex 57.6378 -64 132.502
    endloop
  endfacet
  facet normal 0 -1 0
    outer loop
      vertex 57.5632 -64 131.708
      vertex 77.1471 -64 148.4
      vertex 57.6098 -64 132.104
    endloop
  endfacet
  facet normal 0 -1 0
    outer loop
      vertex 57.4981 -64 131.315
      vertex 77.1471 -64 148.4
      vertex 57.5632 -64 131.708
    endloop
  endfacet
  facet normal 0 -1 0
    outer loop
      vertex 57.4146 -64 130.925
      vertex 77.1471 -64 148.4
      vertex 57.4981 -64 131.315
    endloop
  endfacet
  facet normal 0 -1 0
    outer loop
      vertex 57.313 -64 130.54
      vertex 77.1471 -64 148.4
      vertex 57.4146 -64 130.925
    endloop
  endfacet
  facet normal 0 -1 0
    outer loop
      vertex 57.1934 -64 130.16
      vertex 77.1471 -64 148.4
      vertex 57.313 -64 130.54
    endloop
  endfacet
  facet normal 0 -1 0
    outer loop
      vertex 77.1471 -64 94.4
      vertex 57.1934 -64 130.16
      vertex 57.0561 -64 129.786
    endloop
  endfacet
  facet normal 0 -1 0
    outer loop
      vertex 77.1471 -64 94.4
      vertex 57.0561 -64 129.786
      vertex 56.9014 -64 129.418
    endloop
  endfacet
  facet normal 0 -1 0
    outer loop
      vertex 77.1471 -64 94.4
      vertex 56.9014 -64 129.418
      vertex 56.7297 -64 129.059
    endloop
  endfacet
  facet normal 0 -1 0
    outer loop
      vertex 77.1471 -64 94.4
      vertex 56.7297 -64 129.059
      vertex 56.5413 -64 128.708
    endloop
  endfacet
  facet normal 0 -1 0
    outer loop
      vertex 77.1471 -64 94.4
      vertex 56.5413 -64 128.708
      vertex 56.3367 -64 128.366
    endloop
  endfacet
  facet normal 0 -1 0
    outer loop
      vertex 77.1471 -64 94.4
      vertex 56.3367 -64 128.366
      vertex 56.1163 -64 128.034
    endloop
  endfacet
  facet normal 0 -1 0
    outer loop
      vertex 77.1471 -64 94.4
      vertex 56.1163 -64 128.034
      vertex 55.8805 -64 127.712
    endloop
  endfacet
  facet normal 0 -1 0
    outer loop
      vertex 69.2 -64 94.4
      vertex 55.8805 -64 127.712
      vertex 55.63 -64 127.402
    endloop
  endfacet
  facet normal 0 -1 0
    outer loop
      vertex 69.2 -64 94.4
      vertex 55.63 -64 127.402
      vertex 55.3652 -64 127.105
    endloop
  endfacet
  facet normal 0 -1 0
    outer loop
      vertex 69.2 -64 94.4
      vertex 55.3652 -64 127.105
      vertex 55.0867 -64 126.82
    endloop
  endfacet
  facet normal 0 -1 -0
    outer loop
      vertex 48.5498 -64 124.421
      vertex 34.8 -64 94.4
      vertex 48.9479 -64 124.402
    endloop
  endfacet
  facet normal 0 -1 -0
    outer loop
      vertex 48.9479 -64 124.402
      vertex 34.8 -64 94.4
      vertex 49.3464 -64 124.402
    endloop
  endfacet
  facet normal 0 -1 -0
    outer loop
      vertex 49.3464 -64 124.402
      vertex 34.8 -64 94.4
      vertex 49.7445 -64 124.421
    endloop
  endfacet
  facet normal 0 -1 0
    outer loop
      vertex 66.8 -64 94.4
      vertex 49.7445 -64 124.421
      vertex 34.8 -64 94.4
    endloop
  endfacet
  facet normal 0 -1 0
    outer loop
      vertex 49.7445 -64 124.421
      vertex 66.8 -64 94.4
      vertex 50.1413 -64 124.458
    endloop
  endfacet
  facet normal 0 -1 0
    outer loop
      vertex 50.1413 -64 124.458
      vertex 66.8 -64 94.4
      vertex 50.5358 -64 124.514
    endloop
  endfacet
  facet normal 0 -1 0
    outer loop
      vertex 50.5358 -64 124.514
      vertex 66.8 -64 94.4
      vertex 50.9274 -64 124.589
    endloop
  endfacet
  facet normal 0 -1 0
    outer loop
      vertex 50.9274 -64 124.589
      vertex 66.8 -64 94.4
      vertex 51.315 -64 124.681
    endloop
  endfacet
  facet normal 0 -1 0
    outer loop
      vertex 51.315 -64 124.681
      vertex 66.8 -64 94.4
      vertex 51.6979 -64 124.792
    endloop
  endfacet
  facet normal 0 -1 0
    outer loop
      vertex 51.6979 -64 124.792
      vertex 66.8 -64 94.4
      vertex 52.0751 -64 124.92
    endloop
  endfacet
  facet normal 0 -1 0
    outer loop
      vertex 52.0751 -64 124.92
      vertex 66.8 -64 94.4
      vertex 52.4459 -64 125.066
    endloop
  endfacet
  facet normal 0 -1 0
    outer loop
      vertex 52.4459 -64 125.066
      vertex 66.8 -64 94.4
      vertex 52.8095 -64 125.229
    endloop
  endfacet
  facet normal 0 -1 0
    outer loop
      vertex 52.8095 -64 125.229
      vertex 66.8 -64 94.4
      vertex 53.165 -64 125.41
    endloop
  endfacet
  facet normal 0 -1 0
    outer loop
      vertex 53.165 -64 125.41
      vertex 66.8 -64 94.4
      vertex 53.5117 -64 125.606
    endloop
  endfacet
  facet normal 0 -1 0
    outer loop
      vertex 53.5117 -64 125.606
      vertex 66.8 -64 94.4
      vertex 53.8488 -64 125.819
    endloop
  endfacet
  facet normal 0 -1 0
    outer loop
      vertex 53.8488 -64 125.819
      vertex 66.8 -64 94.4
      vertex 54.1755 -64 126.047
    endloop
  endfacet
  facet normal 0 -1 0
    outer loop
      vertex 54.1755 -64 126.047
      vertex 66.8 -64 94.4
      vertex 54.4912 -64 126.29
    endloop
  endfacet
  facet normal 0 -1 0
    outer loop
      vertex 54.4912 -64 126.29
      vertex 66.8 -64 94.4
      vertex 54.7951 -64 126.548
    endloop
  endfacet
  facet normal 0 -1 0
    outer loop
      vertex 54.7951 -64 126.548
      vertex 66.8 -64 94.4
      vertex 55.0867 -64 126.82
    endloop
  endfacet
  facet normal 0 -1 0
    outer loop
      vertex 69.2 -64 94.4
      vertex 55.0867 -64 126.82
      vertex 66.8 -64 94.4
    endloop
  endfacet
  facet normal 0 -1 0
    outer loop
      vertex 55.8805 -64 127.712
      vertex 69.2 -64 94.4
      vertex 77.1471 -64 94.4
    endloop
  endfacet
  facet normal 0 -1 0
    outer loop
      vertex 57.1934 -64 130.16
      vertex 77.1471 -64 94.4
      vertex 77.1471 -64 148.4
    endloop
  endfacet
  facet normal 0 0 -1
    outer loop
      vertex 21.1471 -63.9988 94.4
      vertex 32.4 -63.9988 94.4
      vertex 32.4 -64 94.4
    endloop
  endfacet
  facet normal 0 0 -1
    outer loop
      vertex 21.1471 -63.9988 94.4
      vertex 32.4 -64 94.4
      vertex 21.1471 -64 94.4
    endloop
  endfacet
  facet normal 0 0 -1
    outer loop
      vertex 32.4 -63.9988 94.4
      vertex 21.1471 -63.9988 94.4
      vertex 32.4 -17.4 94.4
    endloop
  endfacet
  facet normal 0 0 -1
    outer loop
      vertex 2.4 -17.4 94.4
      vertex 21.1471 -63.9988 94.4
      vertex 3.90028 -63.9988 94.4
    endloop
  endfacet
  facet normal 0 0 -1
    outer loop
      vertex 2.4 -63.6637 94.4
      vertex 3.90028 -63.9988 94.4
      vertex 3.50262 -63.969 94.4
    endloop
  endfacet
  facet normal 0 0 -1
    outer loop
      vertex 2.4 -63.6637 94.4
      vertex 3.50262 -63.969 94.4
      vertex 3.10992 -63.8997 94.4
    endloop
  endfacet
  facet normal 0 0 -1
    outer loop
      vertex 2.4 -63.6637 94.4
      vertex 3.10992 -63.8997 94.4
      vertex 2.72605 -63.7917 94.4
    endloop
  endfacet
  facet normal 0 0 -1
    outer loop
      vertex 3.90028 -63.9988 94.4
      vertex 2.4 -63.6637 94.4
      vertex 2.4 -17.4 94.4
    endloop
  endfacet
  facet normal 0 0 -1
    outer loop
      vertex 21.1471 -63.9988 94.4
      vertex 2.4 -17.4 94.4
      vertex 32.4 -17.4 94.4
    endloop
  endfacet
  facet normal 0 0 -1
    outer loop
      vertex 77.1471 -64 94.4
      vertex 69.2 -64 94.4
      vertex 77.1471 -63.9988 94.4
    endloop
  endfacet
  facet normal 0 0 -1
    outer loop
      vertex 95.3776 -63.8505 94.4
      vertex 95.8943 -63.6609 94.4
      vertex 95.7556 -63.7235 94.4
    endloop
  endfacet
  facet normal 0 0 -1
    outer loop
      vertex 95.8943 -63.6609 94.4
      vertex 95.3776 -63.8505 94.4
      vertex 94.1945 -63.9988 94.4
    endloop
  endfacet
  facet normal 0 0 -1
    outer loop
      vertex 94.1945 -63.9988 94.4
      vertex 95.3776 -63.8505 94.4
      vertex 94.9889 -63.9392 94.4
    endloop
  endfacet
  facet normal 0 0 -1
    outer loop
      vertex 94.1945 -63.9988 94.4
      vertex 94.9889 -63.9392 94.4
      vertex 94.5932 -63.9888 94.4
    endloop
  endfacet
  facet normal -0 0 -1
    outer loop
      vertex 95.8943 -63.6609 94.4
      vertex 94.1945 -63.9988 94.4
      vertex 95.8943 -33.9593 94.4
    endloop
  endfacet
  facet normal 0 0 -1
    outer loop
      vertex 77.1471 -63.9988 94.4
      vertex 95.8943 -33.9593 94.4
      vertex 94.1945 -63.9988 94.4
    endloop
  endfacet
  facet normal 0 0 -1
    outer loop
      vertex 69.2 -63.9988 94.4
      vertex 77.1471 -63.9988 94.4
      vertex 69.2 -64 94.4
    endloop
  endfacet
  facet normal 0 0 -1
    outer loop
      vertex 69.2 -33.9593 94.4
      vertex 77.1471 -63.9988 94.4
      vertex 69.2 -63.9988 94.4
    endloop
  endfacet
  facet normal 0 0 -1
    outer loop
      vertex 77.1471 -63.9988 94.4
      vertex 69.2 -33.9593 94.4
      vertex 95.8943 -33.9593 94.4
    endloop
  endfacet
  facet normal 0 0 -1
    outer loop
      vertex 32.4 -64 94.4
      vertex 34.8 -63.9988 94.4
      vertex 34.8 -64 94.4
    endloop
  endfacet
  facet normal -0 0 -1
    outer loop
      vertex 34.8 -63.9988 94.4
      vertex 32.4 -64 94.4
      vertex 32.4 -63.9988 94.4
    endloop
  endfacet
  facet normal 0 0 -1
    outer loop
      vertex 34.8 -63.9988 94.4
      vertex 66.8 -63.9988 94.4
      vertex 66.8 -64 94.4
    endloop
  endfacet
  facet normal 0 0 -1
    outer loop
      vertex 34.8 -63.9988 94.4
      vertex 66.8 -64 94.4
      vertex 34.8 -64 94.4
    endloop
  endfacet
  facet normal 0 0 -1
    outer loop
      vertex 66.8 -63.9988 94.4
      vertex 34.8 -63.9988 94.4
      vertex 66.8 -37.4 94.4
    endloop
  endfacet
  facet normal -0 0 -1
    outer loop
      vertex 66.8 -37.4 94.4
      vertex 34.8 -63.9988 94.4
      vertex 34.8 -37.4 94.4
    endloop
  endfacet
  facet normal 0 0 -1
    outer loop
      vertex 66.8 -64 94.4
      vertex 69.2 -63.9988 94.4
      vertex 69.2 -64 94.4
    endloop
  endfacet
  facet normal -0 0 -1
    outer loop
      vertex 69.2 -63.9988 94.4
      vertex 66.8 -64 94.4
      vertex 66.8 -63.9988 94.4
    endloop
  endfacet
  facet normal 0 1 0
    outer loop
      vertex 77.1471 -46 148.4
      vertex 49.1471 -46 148.142
      vertex 21.1471 -46 148.4
    endloop
  endfacet
  facet normal 0 1 0
    outer loop
      vertex 77.1471 -46 148.4
      vertex 62.3471 -46 140.521
      vertex 49.1471 -46 148.142
    endloop
  endfacet
  facet normal 0 1 0
    outer loop
      vertex 77.1471 -46 148.4
      vertex 62.3471 -46 125.279
      vertex 62.3471 -46 140.521
    endloop
  endfacet
  facet normal 0 1 0
    outer loop
      vertex 62.3471 -46 125.279
      vertex 77.1471 -46 108.4
      vertex 49.1471 -46 117.658
    endloop
  endfacet
  facet normal 0 1 -0
    outer loop
      vertex 77.1471 -46 108.4
      vertex 62.3471 -46 125.279
      vertex 77.1471 -46 148.4
    endloop
  endfacet
  facet normal 0 1 -0
    outer loop
      vertex 35.9471 -46 140.521
      vertex 21.1471 -46 148.4
      vertex 49.1471 -46 148.142
    endloop
  endfacet
  facet normal 0 1 -0
    outer loop
      vertex 35.9471 -46 125.279
      vertex 21.1471 -46 148.4
      vertex 35.9471 -46 140.521
    endloop
  endfacet
  facet normal 0 1 0
    outer loop
      vertex 35.9471 -46 125.279
      vertex 21.1471 -46 108.4
      vertex 21.1471 -46 148.4
    endloop
  endfacet
  facet normal 0 1 0
    outer loop
      vertex 49.1471 -46 117.658
      vertex 21.1471 -46 108.4
      vertex 35.9471 -46 125.279
    endloop
  endfacet
  facet normal 0 1 0
    outer loop
      vertex 21.1471 -46 108.4
      vertex 49.1471 -46 117.658
      vertex 77.1471 -46 108.4
    endloop
  endfacet
  facet normal 0 -0.999756 0.0221052
    outer loop
      vertex 21.1471 -64 148.4
      vertex 77.1471 -63.9912 148.798
      vertex 21.1471 -63.9912 148.798
    endloop
  endfacet
  facet normal 0 -0.999756 0.0221052
    outer loop
      vertex 77.1471 -63.9912 148.798
      vertex 21.1471 -64 148.4
      vertex 77.1471 -64 148.4
    endloop
  endfacet
  facet normal -0 0.544697 0.838633
    outer loop
      vertex 21.1471 -49.938 155.841
      vertex 77.1471 -50.2721 156.058
      vertex 77.1471 -49.938 155.841
    endloop
  endfacet
  facet normal 0 0.544697 0.838633
    outer loop
      vertex 77.1471 -50.2721 156.058
      vertex 21.1471 -49.938 155.841
      vertex 21.1471 -50.2721 156.058
    endloop
  endfacet
  facet normal -0 0.615644 0.788024
    outer loop
      vertex 21.1471 -49.3001 155.365
      vertex 77.1471 -49.6137 155.61
      vertex 77.1471 -49.3001 155.365
    endloop
  endfacet
  facet normal 0 0.615644 0.788024
    outer loop
      vertex 77.1471 -49.6137 155.61
      vertex 21.1471 -49.3001 155.365
      vertex 21.1471 -49.6137 155.61
    endloop
  endfacet
  facet normal 0 0.997796 0.0663522
    outer loop
      vertex 77.1471 -46.0088 148.798
      vertex 21.1471 -46.0352 149.195
      vertex 77.1471 -46.0352 149.195
    endloop
  endfacet
  facet normal 0 0.997796 0.0663522
    outer loop
      vertex 21.1471 -46.0352 149.195
      vertex 77.1471 -46.0088 148.798
      vertex 21.1471 -46.0088 148.798
    endloop
  endfacet
  facet normal 0 0.801144 0.598472
    outer loop
      vertex 77.1471 -47.6723 153.625
      vertex 21.1471 -47.9106 153.944
      vertex 77.1471 -47.9106 153.944
    endloop
  endfacet
  facet normal 0 0.801144 0.598472
    outer loop
      vertex 21.1471 -47.9106 153.944
      vertex 77.1471 -47.6723 153.625
      vertex 21.1471 -47.6723 153.625
    endloop
  endfacet
  facet normal 0 -0.774716 0.632309
    outer loop
      vertex 21.1471 -62.0894 153.944
      vertex 77.1471 -61.8372 154.253
      vertex 21.1471 -61.8372 154.253
    endloop
  endfacet
  facet normal 0 -0.774716 0.632309
    outer loop
      vertex 77.1471 -61.8372 154.253
      vertex 21.1471 -62.0894 153.944
      vertex 77.1471 -62.0894 153.944
    endloop
  endfacet
  facet normal 0 0.958925 0.283661
    outer loop
      vertex 77.1471 -46.3153 150.761
      vertex 21.1471 -46.4283 151.143
      vertex 77.1471 -46.4283 151.143
    endloop
  endfacet
  facet normal 0 0.958925 0.283661
    outer loop
      vertex 21.1471 -46.4283 151.143
      vertex 77.1471 -46.3153 150.761
      vertex 21.1471 -46.3153 150.761
    endloop
  endfacet
  facet normal -0 0.175791 0.984428
    outer loop
      vertex 21.1471 -53.2198 157.222
      vertex 77.1471 -53.6118 157.292
      vertex 77.1471 -53.2198 157.222
    endloop
  endfacet
  facet normal 0 0.175791 0.984428
    outer loop
      vertex 77.1471 -53.6118 157.292
      vertex 21.1471 -53.2198 157.222
      vertex 21.1471 -53.6118 157.292
    endloop
  endfacet
  facet normal 0 -0.997796 0.0663522
    outer loop
      vertex 21.1471 -63.9912 148.798
      vertex 77.1471 -63.9648 149.195
      vertex 21.1471 -63.9648 149.195
    endloop
  endfacet
  facet normal 0 -0.997796 0.0663522
    outer loop
      vertex 77.1471 -63.9648 149.195
      vertex 21.1471 -63.9912 148.798
      vertex 77.1471 -63.9912 148.798
    endloop
  endfacet
  facet normal 0 -0.913138 0.407651
    outer loop
      vertex 21.1471 -63.2957 151.89
      vertex 77.1471 -63.1332 152.254
      vertex 21.1471 -63.1332 152.254
    endloop
  endfacet
  facet normal 0 -0.913138 0.407651
    outer loop
      vertex 77.1471 -63.1332 152.254
      vertex 21.1471 -63.2957 151.89
      vertex 77.1471 -63.2957 151.89
    endloop
  endfacet
  facet normal -0 0.218526 0.975831
    outer loop
      vertex 21.1471 -52.8313 157.135
      vertex 77.1471 -53.2198 157.222
      vertex 77.1471 -52.8313 157.135
    endloop
  endfacet
  facet normal 0 0.218526 0.975831
    outer loop
      vertex 77.1471 -53.2198 157.222
      vertex 21.1471 -52.8313 157.135
      vertex 21.1471 -53.2198 157.222
    endloop
  endfacet
  facet normal 0 0.715341 0.698775
    outer loop
      vertex 77.1471 -48.4284 154.549
      vertex 21.1471 -48.7068 154.834
      vertex 77.1471 -48.7068 154.834
    endloop
  endfacet
  facet normal 0 0.715341 0.698775
    outer loop
      vertex 21.1471 -48.7068 154.834
      vertex 77.1471 -48.4284 154.549
      vertex 21.1471 -48.4284 154.549
    endloop
  endfacet
  facet normal 0 -0.615522 0.78812
    outer loop
      vertex 21.1471 -60.3862 155.61
      vertex 77.1471 -60.6999 155.365
      vertex 77.1471 -60.3862 155.61
    endloop
  endfacet
  facet normal 0 -0.615522 0.78812
    outer loop
      vertex 77.1471 -60.6999 155.365
      vertex 21.1471 -60.3862 155.61
      vertex 21.1471 -60.6999 155.365
    endloop
  endfacet
  facet normal -0 0.429251 0.903185
    outer loop
      vertex 21.1471 -50.9674 156.446
      vertex 77.1471 -51.3272 156.617
      vertex 77.1471 -50.9674 156.446
    endloop
  endfacet
  facet normal 0 0.429251 0.903185
    outer loop
      vertex 77.1471 -51.3272 156.617
      vertex 21.1471 -50.9674 156.446
      vertex 21.1471 -51.3272 156.617
    endloop
  endfacet
  facet normal 0 -0.0879085 0.996129
    outer loop
      vertex 21.1471 -55.5969 157.38
      vertex 77.1471 -55.9935 157.345
      vertex 77.1471 -55.5969 157.38
    endloop
  endfacet
  facet normal 0 -0.0879085 0.996129
    outer loop
      vertex 77.1471 -55.9935 157.345
      vertex 21.1471 -55.5969 157.38
      vertex 21.1471 -55.9935 157.345
    endloop
  endfacet
  facet normal -0 0.346578 0.938021
    outer loop
      vertex 21.1471 -51.6943 156.771
      vertex 77.1471 -52.0678 156.909
      vertex 77.1471 -51.6943 156.771
    endloop
  endfacet
  facet normal 0 0.346578 0.938021
    outer loop
      vertex 77.1471 -52.0678 156.909
      vertex 21.1471 -51.6943 156.771
      vertex 21.1471 -52.0678 156.909
    endloop
  endfacet
  facet normal 0 0.980192 0.198049
    outer loop
      vertex 77.1471 -46.1406 149.985
      vertex 21.1471 -46.2194 150.375
      vertex 77.1471 -46.2194 150.375
    endloop
  endfacet
  facet normal 0 0.980192 0.198049
    outer loop
      vertex 21.1471 -46.2194 150.375
      vertex 77.1471 -46.1406 149.985
      vertex 21.1471 -46.1406 149.985
    endloop
  endfacet
  facet normal 0 -0.958925 0.283661
    outer loop
      vertex 21.1471 -63.6847 150.761
      vertex 77.1471 -63.5717 151.143
      vertex 21.1471 -63.5717 151.143
    endloop
  endfacet
  facet normal 0 -0.958925 0.283661
    outer loop
      vertex 77.1471 -63.5717 151.143
      vertex 21.1471 -63.6847 150.761
      vertex 77.1471 -63.6847 150.761
    endloop
  endfacet
  facet normal -0 0.386844 0.922145
    outer loop
      vertex 21.1471 -51.3272 156.617
      vertex 77.1471 -51.6943 156.771
      vertex 77.1471 -51.3272 156.617
    endloop
  endfacet
  facet normal 0 0.386844 0.922145
    outer loop
      vertex 77.1471 -51.6943 156.771
      vertex 21.1471 -51.3272 156.617
      vertex 21.1471 -51.6943 156.771
    endloop
  endfacet
  facet normal 0 -0.429251 0.903185
    outer loop
      vertex 21.1471 -58.6728 156.617
      vertex 77.1471 -59.0326 156.446
      vertex 77.1471 -58.6728 156.617
    endloop
  endfacet
  facet normal 0 -0.429251 0.903185
    outer loop
      vertex 77.1471 -59.0326 156.446
      vertex 21.1471 -58.6728 156.617
      vertex 21.1471 -59.0326 156.446
    endloop
  endfacet
  facet normal 0 0.851003 0.525161
    outer loop
      vertex 77.1471 -47.2392 152.957
      vertex 21.1471 -47.4484 153.296
      vertex 77.1471 -47.4484 153.296
    endloop
  endfacet
  facet normal 0 0.851003 0.525161
    outer loop
      vertex 21.1471 -47.4484 153.296
      vertex 77.1471 -47.2392 152.957
      vertex 21.1471 -47.2392 152.957
    endloop
  endfacet
  facet normal 0 -0.50713 0.86187
    outer loop
      vertex 21.1471 -59.3846 156.26
      vertex 77.1471 -59.7279 156.058
      vertex 77.1471 -59.3846 156.26
    endloop
  endfacet
  facet normal 0 -0.50713 0.86187
    outer loop
      vertex 77.1471 -59.7279 156.058
      vertex 21.1471 -59.3846 156.26
      vertex 21.1471 -59.7279 156.058
    endloop
  endfacet
  facet normal 0 0.872849 0.48799
    outer loop
      vertex 77.1471 -47.0452 152.61
      vertex 21.1471 -47.2392 152.957
      vertex 77.1471 -47.2392 152.957
    endloop
  endfacet
  facet normal 0 0.872849 0.48799
    outer loop
      vertex 21.1471 -47.2392 152.957
      vertex 77.1471 -47.0452 152.61
      vertex 21.1471 -47.0452 152.61
    endloop
  endfacet
  facet normal 0 0.945605 0.325318
    outer loop
      vertex 77.1471 -46.4283 151.143
      vertex 21.1471 -46.558 151.52
      vertex 77.1471 -46.558 151.52
    endloop
  endfacet
  facet normal 0 0.945605 0.325318
    outer loop
      vertex 21.1471 -46.558 151.52
      vertex 77.1471 -46.4283 151.143
      vertex 21.1471 -46.4283 151.143
    endloop
  endfacet
  facet normal 0 -0.980192 0.198049
    outer loop
      vertex 21.1471 -63.8594 149.985
      vertex 77.1471 -63.7806 150.375
      vertex 21.1471 -63.7806 150.375
    endloop
  endfacet
  facet normal 0 -0.980192 0.198049
    outer loop
      vertex 77.1471 -63.7806 150.375
      vertex 21.1471 -63.8594 149.985
      vertex 77.1471 -63.8594 149.985
    endloop
  endfacet
  facet normal -0 0.580169 0.814496
    outer loop
      vertex 21.1471 -49.6137 155.61
      vertex 77.1471 -49.938 155.841
      vertex 77.1471 -49.6137 155.61
    endloop
  endfacet
  facet normal 0 0.580169 0.814496
    outer loop
      vertex 77.1471 -49.938 155.841
      vertex 21.1471 -49.6137 155.61
      vertex 21.1471 -49.938 155.841
    endloop
  endfacet
  facet normal 0 0.913138 0.407651
    outer loop
      vertex 77.1471 -46.7043 151.89
      vertex 21.1471 -46.8668 152.254
      vertex 77.1471 -46.8668 152.254
    endloop
  endfacet
  facet normal 0 0.913138 0.407651
    outer loop
      vertex 21.1471 -46.8668 152.254
      vertex 77.1471 -46.7043 151.89
      vertex 21.1471 -46.7043 151.89
    endloop
  endfacet
  facet normal 0 0.999756 0.0221052
    outer loop
      vertex 77.1471 -46 148.4
      vertex 21.1471 -46.0088 148.798
      vertex 77.1471 -46.0088 148.798
    endloop
  endfacet
  facet normal 0 0.999756 0.0221052
    outer loop
      vertex 21.1471 -46.0088 148.798
      vertex 77.1471 -46 148.4
      vertex 21.1471 -46 148.4
    endloop
  endfacet
  facet normal -0 0.0879085 0.996129
    outer loop
      vertex 21.1471 -54.0065 157.345
      vertex 77.1471 -54.4031 157.38
      vertex 77.1471 -54.0065 157.345
    endloop
  endfacet
  facet normal 0 0.0879085 0.996129
    outer loop
      vertex 77.1471 -54.4031 157.38
      vertex 21.1471 -54.0065 157.345
      vertex 21.1471 -54.4031 157.38
    endloop
  endfacet
  facet normal 0 0.826716 0.562619
    outer loop
      vertex 77.1471 -47.4484 153.296
      vertex 21.1471 -47.6723 153.625
      vertex 77.1471 -47.6723 153.625
    endloop
  endfacet
  facet normal 0 0.826716 0.562619
    outer loop
      vertex 21.1471 -47.6723 153.625
      vertex 77.1471 -47.4484 153.296
      vertex 21.1471 -47.4484 153.296
    endloop
  endfacet
  facet normal -0 0.650378 0.759611
    outer loop
      vertex 21.1471 -48.9976 155.106
      vertex 77.1471 -49.3001 155.365
      vertex 77.1471 -48.9976 155.106
    endloop
  endfacet
  facet normal 0 0.650378 0.759611
    outer loop
      vertex 77.1471 -49.3001 155.365
      vertex 21.1471 -48.9976 155.106
      vertex 21.1471 -49.3001 155.365
    endloop
  endfacet
  facet normal -0 0 1
    outer loop
      vertex 21.1471 -54.8009 157.398
      vertex 77.1471 -55.1991 157.398
      vertex 77.1471 -54.8009 157.398
    endloop
  endfacet
  facet normal 0 0 1
    outer loop
      vertex 77.1471 -55.1991 157.398
      vertex 21.1471 -54.8009 157.398
      vertex 21.1471 -55.1991 157.398
    endloop
  endfacet
  facet normal 0 0.774716 0.632309
    outer loop
      vertex 77.1471 -47.9106 153.944
      vertex 21.1471 -48.1628 154.253
      vertex 77.1471 -48.1628 154.253
    endloop
  endfacet
  facet normal 0 0.774716 0.632309
    outer loop
      vertex 21.1471 -48.1628 154.253
      vertex 77.1471 -47.9106 153.944
      vertex 21.1471 -47.9106 153.944
    endloop
  endfacet
  facet normal -0 0.50713 0.86187
    outer loop
      vertex 21.1471 -50.2721 156.058
      vertex 77.1471 -50.6154 156.26
      vertex 77.1471 -50.2721 156.058
    endloop
  endfacet
  facet normal 0 0.50713 0.86187
    outer loop
      vertex 77.1471 -50.6154 156.26
      vertex 21.1471 -50.2721 156.058
      vertex 21.1471 -50.6154 156.26
    endloop
  endfacet
  facet normal 0 0.744294 0.667853
    outer loop
      vertex 77.1471 -48.1628 154.253
      vertex 21.1471 -48.4284 154.549
      vertex 77.1471 -48.4284 154.549
    endloop
  endfacet
  facet normal 0 0.744294 0.667853
    outer loop
      vertex 21.1471 -48.4284 154.549
      vertex 77.1471 -48.1628 154.253
      vertex 21.1471 -48.1628 154.253
    endloop
  endfacet
  facet normal -0 0.0452026 0.998978
    outer loop
      vertex 21.1471 -54.4031 157.38
      vertex 77.1471 -54.8009 157.398
      vertex 77.1471 -54.4031 157.38
    endloop
  endfacet
  facet normal 0 0.0452026 0.998978
    outer loop
      vertex 77.1471 -54.8009 157.398
      vertex 21.1471 -54.4031 157.38
      vertex 21.1471 -54.8009 157.398
    endloop
  endfacet
  facet normal 0 -0.218526 0.975831
    outer loop
      vertex 21.1471 -56.7802 157.222
      vertex 77.1471 -57.1687 157.135
      vertex 77.1471 -56.7802 157.222
    endloop
  endfacet
  facet normal 0 -0.218526 0.975831
    outer loop
      vertex 77.1471 -57.1687 157.135
      vertex 21.1471 -56.7802 157.222
      vertex 21.1471 -57.1687 157.135
    endloop
  endfacet
  facet normal -0 0.467195 0.884154
    outer loop
      vertex 21.1471 -50.6154 156.26
      vertex 77.1471 -50.9674 156.446
      vertex 77.1471 -50.6154 156.26
    endloop
  endfacet
  facet normal 0 0.467195 0.884154
    outer loop
      vertex 77.1471 -50.9674 156.446
      vertex 21.1471 -50.6154 156.26
      vertex 21.1471 -50.9674 156.446
    endloop
  endfacet
  facet normal 0 0.894025 0.448017
    outer loop
      vertex 77.1471 -46.8668 152.254
      vertex 21.1471 -47.0452 152.61
      vertex 77.1471 -47.0452 152.61
    endloop
  endfacet
  facet normal 0 0.894025 0.448017
    outer loop
      vertex 21.1471 -47.0452 152.61
      vertex 77.1471 -46.8668 152.254
      vertex 21.1471 -46.8668 152.254
    endloop
  endfacet
  facet normal 0 -0.993884 0.110432
    outer loop
      vertex 21.1471 -63.9648 149.195
      vertex 77.1471 -63.9208 149.591
      vertex 21.1471 -63.9208 149.591
    endloop
  endfacet
  facet normal 0 -0.993884 0.110432
    outer loop
      vertex 77.1471 -63.9208 149.591
      vertex 21.1471 -63.9648 149.195
      vertex 77.1471 -63.9648 149.195
    endloop
  endfacet
  facet normal 0 -0.386844 0.922145
    outer loop
      vertex 21.1471 -58.3057 156.771
      vertex 77.1471 -58.6728 156.617
      vertex 77.1471 -58.3057 156.771
    endloop
  endfacet
  facet normal 0 -0.386844 0.922145
    outer loop
      vertex 77.1471 -58.6728 156.617
      vertex 21.1471 -58.3057 156.771
      vertex 21.1471 -58.6728 156.617
    endloop
  endfacet
  facet normal -0 0.133085 0.991105
    outer loop
      vertex 21.1471 -53.6118 157.292
      vertex 77.1471 -54.0065 157.345
      vertex 77.1471 -53.6118 157.292
    endloop
  endfacet
  facet normal 0 0.133085 0.991105
    outer loop
      vertex 77.1471 -54.0065 157.345
      vertex 21.1471 -53.6118 157.292
      vertex 21.1471 -54.0065 157.345
    endloop
  endfacet
  facet normal -0 0.683105 0.73032
    outer loop
      vertex 21.1471 -48.7068 154.834
      vertex 77.1471 -48.9976 155.106
      vertex 77.1471 -48.7068 154.834
    endloop
  endfacet
  facet normal 0 0.683105 0.73032
    outer loop
      vertex 77.1471 -48.9976 155.106
      vertex 21.1471 -48.7068 154.834
      vertex 21.1471 -48.9976 155.106
    endloop
  endfacet
  facet normal 0 -0.988074 0.153979
    outer loop
      vertex 21.1471 -63.9208 149.591
      vertex 77.1471 -63.8594 149.985
      vertex 21.1471 -63.8594 149.985
    endloop
  endfacet
  facet normal 0 -0.988074 0.153979
    outer loop
      vertex 77.1471 -63.8594 149.985
      vertex 21.1471 -63.9208 149.591
      vertex 77.1471 -63.9208 149.591
    endloop
  endfacet
  facet normal 0 -0.175791 0.984428
    outer loop
      vertex 21.1471 -56.3882 157.292
      vertex 77.1471 -56.7802 157.222
      vertex 77.1471 -56.3882 157.292
    endloop
  endfacet
  facet normal 0 -0.175791 0.984428
    outer loop
      vertex 77.1471 -56.7802 157.222
      vertex 21.1471 -56.3882 157.292
      vertex 21.1471 -56.7802 157.222
    endloop
  endfacet
  facet normal 0 0.993884 0.110432
    outer loop
      vertex 77.1471 -46.0352 149.195
      vertex 21.1471 -46.0792 149.591
      vertex 77.1471 -46.0792 149.591
    endloop
  endfacet
  facet normal 0 0.993884 0.110432
    outer loop
      vertex 21.1471 -46.0792 149.591
      vertex 77.1471 -46.0352 149.195
      vertex 21.1471 -46.0352 149.195
    endloop
  endfacet
  facet normal 0 -0.0452026 0.998978
    outer loop
      vertex 21.1471 -55.1991 157.398
      vertex 77.1471 -55.5969 157.38
      vertex 77.1471 -55.1991 157.398
    endloop
  endfacet
  facet normal 0 -0.0452026 0.998978
    outer loop
      vertex 77.1471 -55.5969 157.38
      vertex 21.1471 -55.1991 157.398
      vertex 21.1471 -55.5969 157.38
    endloop
  endfacet
  facet normal 0 -0.929943 0.367704
    outer loop
      vertex 21.1471 -63.442 151.52
      vertex 77.1471 -63.2957 151.89
      vertex 21.1471 -63.2957 151.89
    endloop
  endfacet
  facet normal 0 -0.929943 0.367704
    outer loop
      vertex 77.1471 -63.2957 151.89
      vertex 21.1471 -63.442 151.52
      vertex 77.1471 -63.442 151.52
    endloop
  endfacet
  facet normal 0 -0.133085 0.991105
    outer loop
      vertex 21.1471 -55.9935 157.345
      vertex 77.1471 -56.3882 157.292
      vertex 77.1471 -55.9935 157.345
    endloop
  endfacet
  facet normal 0 -0.133085 0.991105
    outer loop
      vertex 77.1471 -56.3882 157.292
      vertex 21.1471 -55.9935 157.345
      vertex 21.1471 -56.3882 157.292
    endloop
  endfacet
  facet normal 0 0.929943 0.367704
    outer loop
      vertex 77.1471 -46.558 151.52
      vertex 21.1471 -46.7043 151.89
      vertex 77.1471 -46.7043 151.89
    endloop
  endfacet
  facet normal 0 0.929943 0.367704
    outer loop
      vertex 21.1471 -46.7043 151.89
      vertex 77.1471 -46.558 151.52
      vertex 21.1471 -46.558 151.52
    endloop
  endfacet
  facet normal -0 0.263563 0.964642
    outer loop
      vertex 21.1471 -52.447 157.03
      vertex 77.1471 -52.8313 157.135
      vertex 77.1471 -52.447 157.03
    endloop
  endfacet
  facet normal 0 0.263563 0.964642
    outer loop
      vertex 77.1471 -52.8313 157.135
      vertex 21.1471 -52.447 157.03
      vertex 21.1471 -52.8313 157.135
    endloop
  endfacet
  facet normal -0 0.303992 0.952675
    outer loop
      vertex 21.1471 -52.0678 156.909
      vertex 77.1471 -52.447 157.03
      vertex 77.1471 -52.0678 156.909
    endloop
  endfacet
  facet normal 0 0.303992 0.952675
    outer loop
      vertex 77.1471 -52.447 157.03
      vertex 21.1471 -52.0678 156.909
      vertex 21.1471 -52.447 157.03
    endloop
  endfacet
  facet normal 0 -0.580287 0.814412
    outer loop
      vertex 21.1471 -60.062 155.841
      vertex 77.1471 -60.3862 155.61
      vertex 77.1471 -60.062 155.841
    endloop
  endfacet
  facet normal 0 -0.580287 0.814412
    outer loop
      vertex 77.1471 -60.3862 155.61
      vertex 21.1471 -60.062 155.841
      vertex 21.1471 -60.3862 155.61
    endloop
  endfacet
  facet normal 0 -0.851003 0.525161
    outer loop
      vertex 21.1471 -62.7608 152.957
      vertex 77.1471 -62.5516 153.296
      vertex 21.1471 -62.5516 153.296
    endloop
  endfacet
  facet normal 0 -0.851003 0.525161
    outer loop
      vertex 77.1471 -62.5516 153.296
      vertex 21.1471 -62.7608 152.957
      vertex 77.1471 -62.7608 152.957
    endloop
  endfacet
  facet normal 0 -0.303992 0.952675
    outer loop
      vertex 21.1471 -57.553 157.03
      vertex 77.1471 -57.9322 156.909
      vertex 77.1471 -57.553 157.03
    endloop
  endfacet
  facet normal 0 -0.303992 0.952675
    outer loop
      vertex 77.1471 -57.9322 156.909
      vertex 21.1471 -57.553 157.03
      vertex 21.1471 -57.9322 156.909
    endloop
  endfacet
  facet normal 0 -0.467195 0.884154
    outer loop
      vertex 21.1471 -59.0326 156.446
      vertex 77.1471 -59.3846 156.26
      vertex 77.1471 -59.0326 156.446
    endloop
  endfacet
  facet normal 0 -0.467195 0.884154
    outer loop
      vertex 77.1471 -59.3846 156.26
      vertex 21.1471 -59.0326 156.446
      vertex 21.1471 -59.3846 156.26
    endloop
  endfacet
  facet normal 0 -0.970496 0.241116
    outer loop
      vertex 21.1471 -63.7806 150.375
      vertex 77.1471 -63.6847 150.761
      vertex 21.1471 -63.6847 150.761
    endloop
  endfacet
  facet normal 0 -0.970496 0.241116
    outer loop
      vertex 77.1471 -63.6847 150.761
      vertex 21.1471 -63.7806 150.375
      vertex 77.1471 -63.7806 150.375
    endloop
  endfacet
  facet normal 0 -0.945605 0.325318
    outer loop
      vertex 21.1471 -63.5717 151.143
      vertex 77.1471 -63.442 151.52
      vertex 21.1471 -63.442 151.52
    endloop
  endfacet
  facet normal 0 -0.945605 0.325318
    outer loop
      vertex 77.1471 -63.442 151.52
      vertex 21.1471 -63.5717 151.143
      vertex 77.1471 -63.5717 151.143
    endloop
  endfacet
  facet normal 0 0.970496 0.241116
    outer loop
      vertex 77.1471 -46.2194 150.375
      vertex 21.1471 -46.3153 150.761
      vertex 77.1471 -46.3153 150.761
    endloop
  endfacet
  facet normal 0 0.970496 0.241116
    outer loop
      vertex 21.1471 -46.3153 150.761
      vertex 77.1471 -46.2194 150.375
      vertex 21.1471 -46.2194 150.375
    endloop
  endfacet
  facet normal -1 0 0
    outer loop
      vertex 21.1471 -63.9988 94.4
      vertex 21.1471 -64 94.4
      vertex 21.1471 -63.9988 102.4
    endloop
  endfacet
  facet normal -1 0 0
    outer loop
      vertex 21.1471 -64 148.4
      vertex 21.1471 -46 148.4
      vertex 21.1471 -46 108.4
    endloop
  endfacet
  facet normal -1 0 0
    outer loop
      vertex 21.1471 -46 148.4
      vertex 21.1471 -64 148.4
      vertex 21.1471 -46.0088 148.798
    endloop
  endfacet
  facet normal -1 -0 0
    outer loop
      vertex 21.1471 -46.0088 148.798
      vertex 21.1471 -64 148.4
      vertex 21.1471 -46.0352 149.195
    endloop
  endfacet
  facet normal -1 -0 0
    outer loop
      vertex 21.1471 -46.0352 149.195
      vertex 21.1471 -64 148.4
      vertex 21.1471 -46.0792 149.591
    endloop
  endfacet
  facet normal -1 -0 0
    outer loop
      vertex 21.1471 -46.0792 149.591
      vertex 21.1471 -64 148.4
      vertex 21.1471 -46.1406 149.985
    endloop
  endfacet
  facet normal -1 -0 0
    outer loop
      vertex 21.1471 -46.1406 149.985
      vertex 21.1471 -64 148.4
      vertex 21.1471 -46.2194 150.375
    endloop
  endfacet
  facet normal -1 -0 0
    outer loop
      vertex 21.1471 -46.2194 150.375
      vertex 21.1471 -64 148.4
      vertex 21.1471 -46.3153 150.761
    endloop
  endfacet
  facet normal -1 -0 0
    outer loop
      vertex 21.1471 -46.3153 150.761
      vertex 21.1471 -64 148.4
      vertex 21.1471 -46.4283 151.143
    endloop
  endfacet
  facet normal -1 -0 0
    outer loop
      vertex 21.1471 -46.4283 151.143
      vertex 21.1471 -64 148.4
      vertex 21.1471 -46.558 151.52
    endloop
  endfacet
  facet normal -1 -0 0
    outer loop
      vertex 21.1471 -46.558 151.52
      vertex 21.1471 -64 148.4
      vertex 21.1471 -46.7043 151.89
    endloop
  endfacet
  facet normal -1 -0 0
    outer loop
      vertex 21.1471 -46.7043 151.89
      vertex 21.1471 -64 148.4
      vertex 21.1471 -46.8668 152.254
    endloop
  endfacet
  facet normal -1 -0 0
    outer loop
      vertex 21.1471 -46.8668 152.254
      vertex 21.1471 -64 148.4
      vertex 21.1471 -47.0452 152.61
    endloop
  endfacet
  facet normal -1 -0 0
    outer loop
      vertex 21.1471 -47.0452 152.61
      vertex 21.1471 -64 148.4
      vertex 21.1471 -47.2392 152.957
    endloop
  endfacet
  facet normal -1 -0 0
    outer loop
      vertex 21.1471 -47.2392 152.957
      vertex 21.1471 -64 148.4
      vertex 21.1471 -47.4484 153.296
    endloop
  endfacet
  facet normal -1 -0 0
    outer loop
      vertex 21.1471 -47.4484 153.296
      vertex 21.1471 -64 148.4
      vertex 21.1471 -47.6723 153.625
    endloop
  endfacet
  facet normal -1 -0 0
    outer loop
      vertex 21.1471 -47.6723 153.625
      vertex 21.1471 -64 148.4
      vertex 21.1471 -47.9106 153.944
    endloop
  endfacet
  facet normal -1 -0 0
    outer loop
      vertex 21.1471 -47.9106 153.944
      vertex 21.1471 -64 148.4
      vertex 21.1471 -48.1628 154.253
    endloop
  endfacet
  facet normal -1 -0 0
    outer loop
      vertex 21.1471 -48.1628 154.253
      vertex 21.1471 -64 148.4
      vertex 21.1471 -48.4284 154.549
    endloop
  endfacet
  facet normal -1 -0 0
    outer loop
      vertex 21.1471 -48.4284 154.549
      vertex 21.1471 -64 148.4
      vertex 21.1471 -48.7068 154.834
    endloop
  endfacet
  facet normal -1 -0 0
    outer loop
      vertex 21.1471 -48.7068 154.834
      vertex 21.1471 -64 148.4
      vertex 21.1471 -48.9976 155.106
    endloop
  endfacet
  facet normal -1 -0 0
    outer loop
      vertex 21.1471 -48.9976 155.106
      vertex 21.1471 -64 148.4
      vertex 21.1471 -49.3001 155.365
    endloop
  endfacet
  facet normal -1 -0 0
    outer loop
      vertex 21.1471 -49.3001 155.365
      vertex 21.1471 -64 148.4
      vertex 21.1471 -49.6137 155.61
    endloop
  endfacet
  facet normal -1 -0 0
    outer loop
      vertex 21.1471 -49.6137 155.61
      vertex 21.1471 -64 148.4
      vertex 21.1471 -49.938 155.841
    endloop
  endfacet
  facet normal -1 -0 0
    outer loop
      vertex 21.1471 -49.938 155.841
      vertex 21.1471 -64 148.4
      vertex 21.1471 -50.2721 156.058
    endloop
  endfacet
  facet normal -1 -0 0
    outer loop
      vertex 21.1471 -50.2721 156.058
      vertex 21.1471 -64 148.4
      vertex 21.1471 -50.6154 156.26
    endloop
  endfacet
  facet normal -1 -0 0
    outer loop
      vertex 21.1471 -50.6154 156.26
      vertex 21.1471 -64 148.4
      vertex 21.1471 -50.9674 156.446
    endloop
  endfacet
  facet normal -1 -0 0
    outer loop
      vertex 21.1471 -50.9674 156.446
      vertex 21.1471 -64 148.4
      vertex 21.1471 -51.3272 156.617
    endloop
  endfacet
  facet normal -1 -0 0
    outer loop
      vertex 21.1471 -51.3272 156.617
      vertex 21.1471 -64 148.4
      vertex 21.1471 -51.6943 156.771
    endloop
  endfacet
  facet normal -1 -0 0
    outer loop
      vertex 21.1471 -51.6943 156.771
      vertex 21.1471 -64 148.4
      vertex 21.1471 -52.0678 156.909
    endloop
  endfacet
  facet normal -1 -0 0
    outer loop
      vertex 21.1471 -52.0678 156.909
      vertex 21.1471 -64 148.4
      vertex 21.1471 -52.447 157.03
    endloop
  endfacet
  facet normal -1 -0 0
    outer loop
      vertex 21.1471 -52.447 157.03
      vertex 21.1471 -64 148.4
      vertex 21.1471 -52.8313 157.135
    endloop
  endfacet
  facet normal -1 -0 0
    outer loop
      vertex 21.1471 -52.8313 157.135
      vertex 21.1471 -64 148.4
      vertex 21.1471 -53.2198 157.222
    endloop
  endfacet
  facet normal -1 -0 0
    outer loop
      vertex 21.1471 -53.2198 157.222
      vertex 21.1471 -64 148.4
      vertex 21.1471 -53.6118 157.292
    endloop
  endfacet
  facet normal -1 -0 0
    outer loop
      vertex 21.1471 -53.6118 157.292
      vertex 21.1471 -64 148.4
      vertex 21.1471 -54.0065 157.345
    endloop
  endfacet
  facet normal -1 -0 0
    outer loop
      vertex 21.1471 -54.0065 157.345
      vertex 21.1471 -64 148.4
      vertex 21.1471 -54.4031 157.38
    endloop
  endfacet
  facet normal -1 -0 0
    outer loop
      vertex 21.1471 -54.4031 157.38
      vertex 21.1471 -64 148.4
      vertex 21.1471 -54.8009 157.398
    endloop
  endfacet
  facet normal -1 -0 0
    outer loop
      vertex 21.1471 -54.8009 157.398
      vertex 21.1471 -64 148.4
      vertex 21.1471 -55.1991 157.398
    endloop
  endfacet
  facet normal -1 0 0
    outer loop
      vertex 21.1471 -55.1991 157.398
      vertex 21.1471 -64 148.4
      vertex 21.1471 -55.5969 157.38
    endloop
  endfacet
  facet normal -1 0 0
    outer loop
      vertex 21.1471 -55.5969 157.38
      vertex 21.1471 -64 148.4
      vertex 21.1471 -55.9935 157.345
    endloop
  endfacet
  facet normal -1 0 0
    outer loop
      vertex 21.1471 -55.9935 157.345
      vertex 21.1471 -64 148.4
      vertex 21.1471 -56.3882 157.292
    endloop
  endfacet
  facet normal -1 0 0
    outer loop
      vertex 21.1471 -56.3882 157.292
      vertex 21.1471 -64 148.4
      vertex 21.1471 -56.7802 157.222
    endloop
  endfacet
  facet normal -1 0 0
    outer loop
      vertex 21.1471 -56.7802 157.222
      vertex 21.1471 -64 148.4
      vertex 21.1471 -57.1687 157.135
    endloop
  endfacet
  facet normal -1 0 0
    outer loop
      vertex 21.1471 -57.1687 157.135
      vertex 21.1471 -64 148.4
      vertex 21.1471 -57.553 157.03
    endloop
  endfacet
  facet normal -1 0 0
    outer loop
      vertex 21.1471 -57.553 157.03
      vertex 21.1471 -64 148.4
      vertex 21.1471 -57.9322 156.909
    endloop
  endfacet
  facet normal -1 0 0
    outer loop
      vertex 21.1471 -57.9322 156.909
      vertex 21.1471 -64 148.4
      vertex 21.1471 -58.3057 156.771
    endloop
  endfacet
  facet normal -1 0 0
    outer loop
      vertex 21.1471 -58.3057 156.771
      vertex 21.1471 -64 148.4
      vertex 21.1471 -58.6728 156.617
    endloop
  endfacet
  facet normal -1 0 0
    outer loop
      vertex 21.1471 -58.6728 156.617
      vertex 21.1471 -64 148.4
      vertex 21.1471 -59.0326 156.446
    endloop
  endfacet
  facet normal -1 0 0
    outer loop
      vertex 21.1471 -59.0326 156.446
      vertex 21.1471 -64 148.4
      vertex 21.1471 -59.3846 156.26
    endloop
  endfacet
  facet normal -1 0 0
    outer loop
      vertex 21.1471 -59.3846 156.26
      vertex 21.1471 -64 148.4
      vertex 21.1471 -59.7279 156.058
    endloop
  endfacet
  facet normal -1 0 0
    outer loop
      vertex 21.1471 -59.7279 156.058
      vertex 21.1471 -64 148.4
      vertex 21.1471 -60.062 155.841
    endloop
  endfacet
  facet normal -1 0 0
    outer loop
      vertex 21.1471 -60.062 155.841
      vertex 21.1471 -64 148.4
      vertex 21.1471 -60.3862 155.61
    endloop
  endfacet
  facet normal -1 0 0
    outer loop
      vertex 21.1471 -60.3862 155.61
      vertex 21.1471 -64 148.4
      vertex 21.1471 -60.6999 155.365
    endloop
  endfacet
  facet normal -1 0 0
    outer loop
      vertex 21.1471 -60.6999 155.365
      vertex 21.1471 -64 148.4
      vertex 21.1471 -61.0024 155.106
    endloop
  endfacet
  facet normal -1 0 0
    outer loop
      vertex 21.1471 -61.0024 155.106
      vertex 21.1471 -64 148.4
      vertex 21.1471 -61.2932 154.834
    endloop
  endfacet
  facet normal -1 0 0
    outer loop
      vertex 21.1471 -61.2932 154.834
      vertex 21.1471 -64 148.4
      vertex 21.1471 -61.5716 154.549
    endloop
  endfacet
  facet normal -1 0 0
    outer loop
      vertex 21.1471 -61.5716 154.549
      vertex 21.1471 -64 148.4
      vertex 21.1471 -61.8372 154.253
    endloop
  endfacet
  facet normal -1 0 0
    outer loop
      vertex 21.1471 -61.8372 154.253
      vertex 21.1471 -64 148.4
      vertex 21.1471 -62.0894 153.944
    endloop
  endfacet
  facet normal -1 0 0
    outer loop
      vertex 21.1471 -62.0894 153.944
      vertex 21.1471 -64 148.4
      vertex 21.1471 -62.3277 153.625
    endloop
  endfacet
  facet normal -1 0 0
    outer loop
      vertex 21.1471 -62.3277 153.625
      vertex 21.1471 -64 148.4
      vertex 21.1471 -62.5516 153.296
    endloop
  endfacet
  facet normal -1 0 0
    outer loop
      vertex 21.1471 -62.5516 153.296
      vertex 21.1471 -64 148.4
      vertex 21.1471 -62.7608 152.957
    endloop
  endfacet
  facet normal -1 0 0
    outer loop
      vertex 21.1471 -62.7608 152.957
      vertex 21.1471 -64 148.4
      vertex 21.1471 -62.9548 152.61
    endloop
  endfacet
  facet normal -1 0 0
    outer loop
      vertex 21.1471 -62.9548 152.61
      vertex 21.1471 -64 148.4
      vertex 21.1471 -63.1332 152.254
    endloop
  endfacet
  facet normal -1 0 0
    outer loop
      vertex 21.1471 -63.1332 152.254
      vertex 21.1471 -64 148.4
      vertex 21.1471 -63.2957 151.89
    endloop
  endfacet
  facet normal -1 0 0
    outer loop
      vertex 21.1471 -63.2957 151.89
      vertex 21.1471 -64 148.4
      vertex 21.1471 -63.442 151.52
    endloop
  endfacet
  facet normal -1 0 0
    outer loop
      vertex 21.1471 -63.442 151.52
      vertex 21.1471 -64 148.4
      vertex 21.1471 -63.5717 151.143
    endloop
  endfacet
  facet normal -1 0 0
    outer loop
      vertex 21.1471 -63.5717 151.143
      vertex 21.1471 -64 148.4
      vertex 21.1471 -63.6847 150.761
    endloop
  endfacet
  facet normal -1 0 0
    outer loop
      vertex 21.1471 -63.6847 150.761
      vertex 21.1471 -64 148.4
      vertex 21.1471 -63.7806 150.375
    endloop
  endfacet
  facet normal -1 0 0
    outer loop
      vertex 21.1471 -63.7806 150.375
      vertex 21.1471 -64 148.4
      vertex 21.1471 -63.8594 149.985
    endloop
  endfacet
  facet normal -1 0 0
    outer loop
      vertex 21.1471 -63.8594 149.985
      vertex 21.1471 -64 148.4
      vertex 21.1471 -63.9208 149.591
    endloop
  endfacet
  facet normal -1 0 0
    outer loop
      vertex 21.1471 -63.9208 149.591
      vertex 21.1471 -64 148.4
      vertex 21.1471 -63.9648 149.195
    endloop
  endfacet
  facet normal -1 0 0
    outer loop
      vertex 21.1471 -63.9988 102.4
      vertex 21.1471 -46 108.4
      vertex 21.1471 -40 102.4
    endloop
  endfacet
  facet normal -1 0 0
    outer loop
      vertex 21.1471 -64 148.4
      vertex 21.1471 -46 108.4
      vertex 21.1471 -63.9988 102.4
    endloop
  endfacet
  facet normal -1 0 0
    outer loop
      vertex 21.1471 -63.9648 149.195
      vertex 21.1471 -64 148.4
      vertex 21.1471 -63.9912 148.798
    endloop
  endfacet
  facet normal -1 0 0
    outer loop
      vertex 21.1471 -64 148.4
      vertex 21.1471 -63.9988 102.4
      vertex 21.1471 -64 94.4
    endloop
  endfacet
  facet normal 0 -0.801144 0.598472
    outer loop
      vertex 21.1471 -62.3277 153.625
      vertex 77.1471 -62.0894 153.944
      vertex 21.1471 -62.0894 153.944
    endloop
  endfacet
  facet normal 0 -0.801144 0.598472
    outer loop
      vertex 77.1471 -62.0894 153.944
      vertex 21.1471 -62.3277 153.625
      vertex 77.1471 -62.3277 153.625
    endloop
  endfacet
  facet normal 0 -0.744294 0.667853
    outer loop
      vertex 21.1471 -61.8372 154.253
      vertex 77.1471 -61.5716 154.549
      vertex 21.1471 -61.5716 154.549
    endloop
  endfacet
  facet normal 0 -0.744294 0.667853
    outer loop
      vertex 77.1471 -61.5716 154.549
      vertex 21.1471 -61.8372 154.253
      vertex 77.1471 -61.8372 154.253
    endloop
  endfacet
  facet normal 0 -0.650378 0.759611
    outer loop
      vertex 21.1471 -60.6999 155.365
      vertex 77.1471 -61.0024 155.106
      vertex 77.1471 -60.6999 155.365
    endloop
  endfacet
  facet normal 0 -0.650378 0.759611
    outer loop
      vertex 77.1471 -61.0024 155.106
      vertex 21.1471 -60.6999 155.365
      vertex 21.1471 -61.0024 155.106
    endloop
  endfacet
  facet normal 0 -0.715341 0.698775
    outer loop
      vertex 21.1471 -61.5716 154.549
      vertex 77.1471 -61.2932 154.834
      vertex 21.1471 -61.2932 154.834
    endloop
  endfacet
  facet normal 0 -0.715341 0.698775
    outer loop
      vertex 77.1471 -61.2932 154.834
      vertex 21.1471 -61.5716 154.549
      vertex 77.1471 -61.5716 154.549
    endloop
  endfacet
  facet normal 0 -0.346578 0.938021
    outer loop
      vertex 21.1471 -57.9322 156.909
      vertex 77.1471 -58.3057 156.771
      vertex 77.1471 -57.9322 156.909
    endloop
  endfacet
  facet normal 0 -0.346578 0.938021
    outer loop
      vertex 77.1471 -58.3057 156.771
      vertex 21.1471 -57.9322 156.909
      vertex 21.1471 -58.3057 156.771
    endloop
  endfacet
  facet normal 0 -0.826716 0.562619
    outer loop
      vertex 21.1471 -62.5516 153.296
      vertex 77.1471 -62.3277 153.625
      vertex 21.1471 -62.3277 153.625
    endloop
  endfacet
  facet normal 0 -0.826716 0.562619
    outer loop
      vertex 77.1471 -62.3277 153.625
      vertex 21.1471 -62.5516 153.296
      vertex 77.1471 -62.5516 153.296
    endloop
  endfacet
  facet normal 0 -0.894025 0.448017
    outer loop
      vertex 21.1471 -63.1332 152.254
      vertex 77.1471 -62.9548 152.61
      vertex 21.1471 -62.9548 152.61
    endloop
  endfacet
  facet normal 0 -0.894025 0.448017
    outer loop
      vertex 77.1471 -62.9548 152.61
      vertex 21.1471 -63.1332 152.254
      vertex 77.1471 -63.1332 152.254
    endloop
  endfacet
  facet normal 1 0 0
    outer loop
      vertex 77.1471 -64 148.4
      vertex 77.1471 -46 148.4
      vertex 77.1471 -46.0088 148.798
    endloop
  endfacet
  facet normal 1 0 0
    outer loop
      vertex 77.1471 -64 148.4
      vertex 77.1471 -46.0088 148.798
      vertex 77.1471 -46.0352 149.195
    endloop
  endfacet
  facet normal 1 0 0
    outer loop
      vertex 77.1471 -64 148.4
      vertex 77.1471 -46.0352 149.195
      vertex 77.1471 -46.0792 149.591
    endloop
  endfacet
  facet normal 1 0 0
    outer loop
      vertex 77.1471 -64 148.4
      vertex 77.1471 -46.0792 149.591
      vertex 77.1471 -46.1406 149.985
    endloop
  endfacet
  facet normal 1 0 0
    outer loop
      vertex 77.1471 -64 148.4
      vertex 77.1471 -46.1406 149.985
      vertex 77.1471 -46.2194 150.375
    endloop
  endfacet
  facet normal 1 0 0
    outer loop
      vertex 77.1471 -64 148.4
      vertex 77.1471 -46.2194 150.375
      vertex 77.1471 -46.3153 150.761
    endloop
  endfacet
  facet normal 1 0 0
    outer loop
      vertex 77.1471 -64 148.4
      vertex 77.1471 -46.3153 150.761
      vertex 77.1471 -46.4283 151.143
    endloop
  endfacet
  facet normal 1 0 0
    outer loop
      vertex 77.1471 -64 148.4
      vertex 77.1471 -46.4283 151.143
      vertex 77.1471 -46.558 151.52
    endloop
  endfacet
  facet normal 1 0 0
    outer loop
      vertex 77.1471 -64 148.4
      vertex 77.1471 -46.558 151.52
      vertex 77.1471 -46.7043 151.89
    endloop
  endfacet
  facet normal 1 0 0
    outer loop
      vertex 77.1471 -64 148.4
      vertex 77.1471 -46.7043 151.89
      vertex 77.1471 -46.8668 152.254
    endloop
  endfacet
  facet normal 1 0 0
    outer loop
      vertex 77.1471 -64 148.4
      vertex 77.1471 -46.8668 152.254
      vertex 77.1471 -47.0452 152.61
    endloop
  endfacet
  facet normal 1 0 0
    outer loop
      vertex 77.1471 -64 148.4
      vertex 77.1471 -47.0452 152.61
      vertex 77.1471 -47.2392 152.957
    endloop
  endfacet
  facet normal 1 0 0
    outer loop
      vertex 77.1471 -64 148.4
      vertex 77.1471 -47.2392 152.957
      vertex 77.1471 -47.4484 153.296
    endloop
  endfacet
  facet normal 1 0 0
    outer loop
      vertex 77.1471 -64 148.4
      vertex 77.1471 -47.4484 153.296
      vertex 77.1471 -47.6723 153.625
    endloop
  endfacet
  facet normal 1 0 0
    outer loop
      vertex 77.1471 -64 148.4
      vertex 77.1471 -47.6723 153.625
      vertex 77.1471 -47.9106 153.944
    endloop
  endfacet
  facet normal 1 0 0
    outer loop
      vertex 77.1471 -64 148.4
      vertex 77.1471 -47.9106 153.944
      vertex 77.1471 -48.1628 154.253
    endloop
  endfacet
  facet normal 1 0 0
    outer loop
      vertex 77.1471 -64 148.4
      vertex 77.1471 -48.1628 154.253
      vertex 77.1471 -48.4284 154.549
    endloop
  endfacet
  facet normal 1 0 0
    outer loop
      vertex 77.1471 -64 148.4
      vertex 77.1471 -48.4284 154.549
      vertex 77.1471 -48.7068 154.834
    endloop
  endfacet
  facet normal 1 0 0
    outer loop
      vertex 77.1471 -64 148.4
      vertex 77.1471 -48.7068 154.834
      vertex 77.1471 -48.9976 155.106
    endloop
  endfacet
  facet normal 1 0 0
    outer loop
      vertex 77.1471 -64 148.4
      vertex 77.1471 -48.9976 155.106
      vertex 77.1471 -49.3001 155.365
    endloop
  endfacet
  facet normal 1 0 0
    outer loop
      vertex 77.1471 -64 148.4
      vertex 77.1471 -49.3001 155.365
      vertex 77.1471 -49.6137 155.61
    endloop
  endfacet
  facet normal 1 0 0
    outer loop
      vertex 77.1471 -64 148.4
      vertex 77.1471 -49.6137 155.61
      vertex 77.1471 -49.938 155.841
    endloop
  endfacet
  facet normal 1 0 0
    outer loop
      vertex 77.1471 -64 148.4
      vertex 77.1471 -49.938 155.841
      vertex 77.1471 -50.2721 156.058
    endloop
  endfacet
  facet normal 1 0 0
    outer loop
      vertex 77.1471 -64 148.4
      vertex 77.1471 -50.2721 156.058
      vertex 77.1471 -50.6154 156.26
    endloop
  endfacet
  facet normal 1 0 0
    outer loop
      vertex 77.1471 -64 148.4
      vertex 77.1471 -50.6154 156.26
      vertex 77.1471 -50.9674 156.446
    endloop
  endfacet
  facet normal 1 0 0
    outer loop
      vertex 77.1471 -64 148.4
      vertex 77.1471 -50.9674 156.446
      vertex 77.1471 -51.3272 156.617
    endloop
  endfacet
  facet normal 1 0 0
    outer loop
      vertex 77.1471 -64 148.4
      vertex 77.1471 -51.3272 156.617
      vertex 77.1471 -51.6943 156.771
    endloop
  endfacet
  facet normal 1 0 0
    outer loop
      vertex 77.1471 -64 148.4
      vertex 77.1471 -51.6943 156.771
      vertex 77.1471 -52.0678 156.909
    endloop
  endfacet
  facet normal 1 0 0
    outer loop
      vertex 77.1471 -64 148.4
      vertex 77.1471 -52.0678 156.909
      vertex 77.1471 -52.447 157.03
    endloop
  endfacet
  facet normal 1 0 0
    outer loop
      vertex 77.1471 -64 148.4
      vertex 77.1471 -52.447 157.03
      vertex 77.1471 -52.8313 157.135
    endloop
  endfacet
  facet normal 1 0 0
    outer loop
      vertex 77.1471 -64 148.4
      vertex 77.1471 -52.8313 157.135
      vertex 77.1471 -53.2198 157.222
    endloop
  endfacet
  facet normal 1 0 0
    outer loop
      vertex 77.1471 -64 148.4
      vertex 77.1471 -53.2198 157.222
      vertex 77.1471 -53.6118 157.292
    endloop
  endfacet
  facet normal 1 0 0
    outer loop
      vertex 77.1471 -64 148.4
      vertex 77.1471 -53.6118 157.292
      vertex 77.1471 -54.0065 157.345
    endloop
  endfacet
  facet normal 1 0 0
    outer loop
      vertex 77.1471 -64 148.4
      vertex 77.1471 -54.0065 157.345
      vertex 77.1471 -54.4031 157.38
    endloop
  endfacet
  facet normal 1 0 0
    outer loop
      vertex 77.1471 -64 148.4
      vertex 77.1471 -54.4031 157.38
      vertex 77.1471 -54.8009 157.398
    endloop
  endfacet
  facet normal 1 0 0
    outer loop
      vertex 77.1471 -64 148.4
      vertex 77.1471 -54.8009 157.398
      vertex 77.1471 -55.1991 157.398
    endloop
  endfacet
  facet normal 1 0 0
    outer loop
      vertex 77.1471 -64 148.4
      vertex 77.1471 -55.1991 157.398
      vertex 77.1471 -55.5969 157.38
    endloop
  endfacet
  facet normal 1 0 0
    outer loop
      vertex 77.1471 -64 148.4
      vertex 77.1471 -55.5969 157.38
      vertex 77.1471 -55.9935 157.345
    endloop
  endfacet
  facet normal 1 0 0
    outer loop
      vertex 77.1471 -64 148.4
      vertex 77.1471 -55.9935 157.345
      vertex 77.1471 -56.3882 157.292
    endloop
  endfacet
  facet normal 1 0 0
    outer loop
      vertex 77.1471 -64 148.4
      vertex 77.1471 -56.3882 157.292
      vertex 77.1471 -56.7802 157.222
    endloop
  endfacet
  facet normal 1 0 0
    outer loop
      vertex 77.1471 -64 148.4
      vertex 77.1471 -56.7802 157.222
      vertex 77.1471 -57.1687 157.135
    endloop
  endfacet
  facet normal 1 0 0
    outer loop
      vertex 77.1471 -64 148.4
      vertex 77.1471 -57.1687 157.135
      vertex 77.1471 -57.553 157.03
    endloop
  endfacet
  facet normal 1 0 0
    outer loop
      vertex 77.1471 -64 148.4
      vertex 77.1471 -57.553 157.03
      vertex 77.1471 -57.9322 156.909
    endloop
  endfacet
  facet normal 1 0 0
    outer loop
      vertex 77.1471 -64 148.4
      vertex 77.1471 -57.9322 156.909
      vertex 77.1471 -58.3057 156.771
    endloop
  endfacet
  facet normal 1 0 0
    outer loop
      vertex 77.1471 -64 148.4
      vertex 77.1471 -58.3057 156.771
      vertex 77.1471 -58.6728 156.617
    endloop
  endfacet
  facet normal 1 0 0
    outer loop
      vertex 77.1471 -64 148.4
      vertex 77.1471 -58.6728 156.617
      vertex 77.1471 -59.0326 156.446
    endloop
  endfacet
  facet normal 1 0 0
    outer loop
      vertex 77.1471 -64 148.4
      vertex 77.1471 -59.0326 156.446
      vertex 77.1471 -59.3846 156.26
    endloop
  endfacet
  facet normal 1 0 0
    outer loop
      vertex 77.1471 -64 148.4
      vertex 77.1471 -59.3846 156.26
      vertex 77.1471 -59.7279 156.058
    endloop
  endfacet
  facet normal 1 0 0
    outer loop
      vertex 77.1471 -64 148.4
      vertex 77.1471 -59.7279 156.058
      vertex 77.1471 -60.062 155.841
    endloop
  endfacet
  facet normal 1 0 0
    outer loop
      vertex 77.1471 -64 148.4
      vertex 77.1471 -60.062 155.841
      vertex 77.1471 -60.3862 155.61
    endloop
  endfacet
  facet normal 1 0 0
    outer loop
      vertex 77.1471 -64 148.4
      vertex 77.1471 -60.3862 155.61
      vertex 77.1471 -60.6999 155.365
    endloop
  endfacet
  facet normal 1 0 0
    outer loop
      vertex 77.1471 -64 148.4
      vertex 77.1471 -60.6999 155.365
      vertex 77.1471 -61.0024 155.106
    endloop
  endfacet
  facet normal 1 0 0
    outer loop
      vertex 77.1471 -64 148.4
      vertex 77.1471 -61.0024 155.106
      vertex 77.1471 -61.2932 154.834
    endloop
  endfacet
  facet normal 1 0 0
    outer loop
      vertex 77.1471 -64 148.4
      vertex 77.1471 -61.2932 154.834
      vertex 77.1471 -61.5716 154.549
    endloop
  endfacet
  facet normal 1 0 0
    outer loop
      vertex 77.1471 -64 148.4
      vertex 77.1471 -61.5716 154.549
      vertex 77.1471 -61.8372 154.253
    endloop
  endfacet
  facet normal 1 0 0
    outer loop
      vertex 77.1471 -64 148.4
      vertex 77.1471 -61.8372 154.253
      vertex 77.1471 -62.0894 153.944
    endloop
  endfacet
  facet normal 1 0 0
    outer loop
      vertex 77.1471 -64 148.4
      vertex 77.1471 -62.0894 153.944
      vertex 77.1471 -62.3277 153.625
    endloop
  endfacet
  facet normal 1 0 0
    outer loop
      vertex 77.1471 -64 148.4
      vertex 77.1471 -62.3277 153.625
      vertex 77.1471 -62.5516 153.296
    endloop
  endfacet
  facet normal 1 0 0
    outer loop
      vertex 77.1471 -64 148.4
      vertex 77.1471 -62.5516 153.296
      vertex 77.1471 -62.7608 152.957
    endloop
  endfacet
  facet normal 1 0 0
    outer loop
      vertex 77.1471 -64 148.4
      vertex 77.1471 -62.7608 152.957
      vertex 77.1471 -62.9548 152.61
    endloop
  endfacet
  facet normal 1 0 0
    outer loop
      vertex 77.1471 -64 148.4
      vertex 77.1471 -62.9548 152.61
      vertex 77.1471 -63.1332 152.254
    endloop
  endfacet
  facet normal 1 0 0
    outer loop
      vertex 77.1471 -64 148.4
      vertex 77.1471 -63.1332 152.254
      vertex 77.1471 -63.2957 151.89
    endloop
  endfacet
  facet normal 1 0 0
    outer loop
      vertex 77.1471 -64 148.4
      vertex 77.1471 -63.2957 151.89
      vertex 77.1471 -63.442 151.52
    endloop
  endfacet
  facet normal 1 0 0
    outer loop
      vertex 77.1471 -64 148.4
      vertex 77.1471 -63.442 151.52
      vertex 77.1471 -63.5717 151.143
    endloop
  endfacet
  facet normal 1 0 0
    outer loop
      vertex 77.1471 -64 148.4
      vertex 77.1471 -63.5717 151.143
      vertex 77.1471 -63.6847 150.761
    endloop
  endfacet
  facet normal 1 0 0
    outer loop
      vertex 77.1471 -64 148.4
      vertex 77.1471 -63.6847 150.761
      vertex 77.1471 -63.7806 150.375
    endloop
  endfacet
  facet normal 1 0 0
    outer loop
      vertex 77.1471 -64 148.4
      vertex 77.1471 -63.7806 150.375
      vertex 77.1471 -63.8594 149.985
    endloop
  endfacet
  facet normal 1 0 0
    outer loop
      vertex 77.1471 -64 148.4
      vertex 77.1471 -63.8594 149.985
      vertex 77.1471 -63.9208 149.591
    endloop
  endfacet
  facet normal 1 0 0
    outer loop
      vertex 77.1471 -64 148.4
      vertex 77.1471 -63.9208 149.591
      vertex 77.1471 -63.9648 149.195
    endloop
  endfacet
  facet normal 1 0 0
    outer loop
      vertex 77.1471 -64 148.4
      vertex 77.1471 -63.9648 149.195
      vertex 77.1471 -63.9912 148.798
    endloop
  endfacet
  facet normal 1 0 0
    outer loop
      vertex 77.1471 -46 108.4
      vertex 77.1471 -63.9988 102.4
      vertex 77.1471 -40 102.4
    endloop
  endfacet
  facet normal 1 0 0
    outer loop
      vertex 77.1471 -46 148.4
      vertex 77.1471 -64 148.4
      vertex 77.1471 -46 108.4
    endloop
  endfacet
  facet normal 1 0 0
    outer loop
      vertex 77.1471 -46 108.4
      vertex 77.1471 -64 148.4
      vertex 77.1471 -63.9988 102.4
    endloop
  endfacet
  facet normal 1 0 0
    outer loop
      vertex 77.1471 -64 94.4
      vertex 77.1471 -63.9988 102.4
      vertex 77.1471 -64 148.4
    endloop
  endfacet
  facet normal 1 0 0
    outer loop
      vertex 77.1471 -63.9988 102.4
      vertex 77.1471 -64 94.4
      vertex 77.1471 -63.9988 94.4
    endloop
  endfacet
  facet normal 0 -0.683105 0.73032
    outer loop
      vertex 21.1471 -61.0024 155.106
      vertex 77.1471 -61.2932 154.834
      vertex 77.1471 -61.0024 155.106
    endloop
  endfacet
  facet normal 0 -0.683105 0.73032
    outer loop
      vertex 77.1471 -61.2932 154.834
      vertex 21.1471 -61.0024 155.106
      vertex 21.1471 -61.2932 154.834
    endloop
  endfacet
  facet normal 0 0.988074 0.153979
    outer loop
      vertex 77.1471 -46.0792 149.591
      vertex 21.1471 -46.1406 149.985
      vertex 77.1471 -46.1406 149.985
    endloop
  endfacet
  facet normal 0 0.988074 0.153979
    outer loop
      vertex 21.1471 -46.1406 149.985
      vertex 77.1471 -46.0792 149.591
      vertex 21.1471 -46.0792 149.591
    endloop
  endfacet
  facet normal 0 -0.263563 0.964642
    outer loop
      vertex 21.1471 -57.1687 157.135
      vertex 77.1471 -57.553 157.03
      vertex 77.1471 -57.1687 157.135
    endloop
  endfacet
  facet normal 0 -0.263563 0.964642
    outer loop
      vertex 77.1471 -57.553 157.03
      vertex 21.1471 -57.1687 157.135
      vertex 21.1471 -57.553 157.03
    endloop
  endfacet
  facet normal 0 -0.872849 0.48799
    outer loop
      vertex 21.1471 -62.9548 152.61
      vertex 77.1471 -62.7608 152.957
      vertex 21.1471 -62.7608 152.957
    endloop
  endfacet
  facet normal 0 -0.872849 0.48799
    outer loop
      vertex 77.1471 -62.7608 152.957
      vertex 21.1471 -62.9548 152.61
      vertex 77.1471 -62.9548 152.61
    endloop
  endfacet
  facet normal 0 0.707107 0.707107
    outer loop
      vertex 98.2943 20 102.4
      vertex 0 10 112.4
      vertex 98.2943 10 112.4
    endloop
  endfacet
  facet normal -0 0.707107 0.707107
    outer loop
      vertex 0.0049715 20 102.4
      vertex 0 10 112.4
      vertex 98.2943 20 102.4
    endloop
  endfacet
  facet normal 0 0.707107 0.707107
    outer loop
      vertex 0 10 112.4
      vertex 0.0049715 20 102.4
      vertex 0 20 102.4
    endloop
  endfacet
  facet normal 0 0.707107 0.707107
    outer loop
      vertex 77.1471 -40 102.4
      vertex 21.1471 -46 108.4
      vertex 77.1471 -46 108.4
    endloop
  endfacet
  facet normal 0 0.707107 0.707107
    outer loop
      vertex 21.1471 -46 108.4
      vertex 77.1471 -40 102.4
      vertex 21.1471 -40 102.4
    endloop
  endfacet
  facet normal -1 0 0
    outer loop
      vertex 32.4 -15 2.4
      vertex 32.4 24.9988 94.4
      vertex 32.4 24.9988 2.4
    endloop
  endfacet
  facet normal -1 -0 0
    outer loop
      vertex 32.4 24.9988 94.4
      vertex 32.4 -15 2.4
      vertex 32.4 -15 94.4
    endloop
  endfacet
  facet normal 0 1 -0
    outer loop
      vertex 32.4 -15 2.4
      vertex 2.4 -15 94.4
      vertex 32.4 -15 94.4
    endloop
  endfacet
  facet normal 0 1 0
    outer loop
      vertex 2.4 -15 94.4
      vertex 32.4 -15 2.4
      vertex 2.4 -15 2.4
    endloop
  endfacet
  facet normal 1 -0 0
    outer loop
      vertex 2.4 -15 94.4
      vertex 2.4 24.6637 2.4
      vertex 2.4 24.6637 94.4
    endloop
  endfacet
  facet normal 1 0 0
    outer loop
      vertex 2.4 24.6637 2.4
      vertex 2.4 -15 94.4
      vertex 2.4 -15 2.4
    endloop
  endfacet
  facet normal -0 0 1
    outer loop
      vertex 3.90028 24.9988 2.4
      vertex 32.4 -15 2.4
      vertex 32.4 24.9988 2.4
    endloop
  endfacet
  facet normal 0 0 1
    outer loop
      vertex 2.4 24.6637 2.4
      vertex 3.90028 24.9988 2.4
      vertex 3.50262 24.969 2.4
    endloop
  endfacet
  facet normal 0 0 1
    outer loop
      vertex 2.4 24.6637 2.4
      vertex 3.50262 24.969 2.4
      vertex 3.10992 24.8997 2.4
    endloop
  endfacet
  facet normal 0 0 1
    outer loop
      vertex 2.4 24.6637 2.4
      vertex 3.10992 24.8997 2.4
      vertex 2.72605 24.7917 2.4
    endloop
  endfacet
  facet normal 0 0 1
    outer loop
      vertex 3.90028 24.9988 2.4
      vertex 2.4 24.6637 2.4
      vertex 2.4 -15 2.4
    endloop
  endfacet
  facet normal 0 0 1
    outer loop
      vertex 3.90028 24.9988 2.4
      vertex 2.4 -15 2.4
      vertex 32.4 -15 2.4
    endloop
  endfacet
  facet normal 0 0 -1
    outer loop
      vertex 32.4 -15 94.4
      vertex 3.90028 24.9988 94.4
      vertex 32.4 24.9988 94.4
    endloop
  endfacet
  facet normal 0 0 -1
    outer loop
      vertex 2.4 -15 94.4
      vertex 3.90028 24.9988 94.4
      vertex 32.4 -15 94.4
    endloop
  endfacet
  facet normal 0 0 -1
    outer loop
      vertex 2.4 24.6637 94.4
      vertex 3.90028 24.9988 94.4
      vertex 2.4 -15 94.4
    endloop
  endfacet
  facet normal 0 0 -1
    outer loop
      vertex 3.90028 24.9988 94.4
      vertex 2.4 24.6637 94.4
      vertex 3.50262 24.969 94.4
    endloop
  endfacet
  facet normal 0 0 -1
    outer loop
      vertex 3.50262 24.969 94.4
      vertex 2.4 24.6637 94.4
      vertex 3.10992 24.8997 94.4
    endloop
  endfacet
  facet normal 0 0 -1
    outer loop
      vertex 3.10992 24.8997 94.4
      vertex 2.4 24.6637 94.4
      vertex 2.72605 24.7917 94.4
    endloop
  endfacet
  facet normal -1 0 0
    outer loop
      vertex 32.4 -63.9988 2.4
      vertex 32.4 -17.4 94.4
      vertex 32.4 -17.4 2.4
    endloop
  endfacet
  facet normal -1 -0 0
    outer loop
      vertex 32.4 -17.4 94.4
      vertex 32.4 -63.9988 2.4
      vertex 32.4 -63.9988 94.4
    endloop
  endfacet
  facet normal 0 -1 0
    outer loop
      vertex 2.4 -17.4 2.4
      vertex 32.4 -17.4 94.4
      vertex 2.4 -17.4 94.4
    endloop
  endfacet
  facet normal 0 -1 -0
    outer loop
      vertex 32.4 -17.4 94.4
      vertex 2.4 -17.4 2.4
      vertex 32.4 -17.4 2.4
    endloop
  endfacet
  facet normal 1 -0 0
    outer loop
      vertex 2.4 -63.6637 94.4
      vertex 2.4 -17.4 2.4
      vertex 2.4 -17.4 94.4
    endloop
  endfacet
  facet normal 1 0 0
    outer loop
      vertex 2.4 -17.4 2.4
      vertex 2.4 -63.6637 94.4
      vertex 2.4 -63.6637 2.4
    endloop
  endfacet
  facet normal 0 0 1
    outer loop
      vertex 32.4 -17.4 2.4
      vertex 3.90028 -63.9988 2.4
      vertex 32.4 -63.9988 2.4
    endloop
  endfacet
  facet normal -0 0 1
    outer loop
      vertex 2.4 -17.4 2.4
      vertex 3.90028 -63.9988 2.4
      vertex 32.4 -17.4 2.4
    endloop
  endfacet
  facet normal -0 0 1
    outer loop
      vertex 2.4 -63.6637 2.4
      vertex 3.90028 -63.9988 2.4
      vertex 2.4 -17.4 2.4
    endloop
  endfacet
  facet normal 0 0 1
    outer loop
      vertex 3.90028 -63.9988 2.4
      vertex 2.4 -63.6637 2.4
      vertex 3.50262 -63.969 2.4
    endloop
  endfacet
  facet normal 0 0 1
    outer loop
      vertex 3.50262 -63.969 2.4
      vertex 2.4 -63.6637 2.4
      vertex 3.10992 -63.8997 2.4
    endloop
  endfacet
  facet normal 0 0 1
    outer loop
      vertex 3.10992 -63.8997 2.4
      vertex 2.4 -63.6637 2.4
      vertex 2.72605 -63.7917 2.4
    endloop
  endfacet
  facet normal -1 0 0
    outer loop
      vertex 66.8 -35 2.4
      vertex 66.8 24.9988 94.4
      vertex 66.8 24.9988 2.4
    endloop
  endfacet
  facet normal -1 -0 0
    outer loop
      vertex 66.8 24.9988 94.4
      vertex 66.8 -35 2.4
      vertex 66.8 -35 94.4
    endloop
  endfacet
  facet normal 0 1 -0
    outer loop
      vertex 66.8 -35 2.4
      vertex 34.8 -35 94.4
      vertex 66.8 -35 94.4
    endloop
  endfacet
  facet normal 0 1 0
    outer loop
      vertex 34.8 -35 94.4
      vertex 66.8 -35 2.4
      vertex 34.8 -35 2.4
    endloop
  endfacet
  facet normal 1 -0 0
    outer loop
      vertex 34.8 -35 94.4
      vertex 34.8 24.9988 2.4
      vertex 34.8 24.9988 94.4
    endloop
  endfacet
  facet normal 1 0 0
    outer loop
      vertex 34.8 24.9988 2.4
      vertex 34.8 -35 94.4
      vertex 34.8 -35 2.4
    endloop
  endfacet
  facet normal -0 0 1
    outer loop
      vertex 34.8 24.9988 2.4
      vertex 66.8 -35 2.4
      vertex 66.8 24.9988 2.4
    endloop
  endfacet
  facet normal 0 0 1
    outer loop
      vertex 66.8 -35 2.4
      vertex 34.8 24.9988 2.4
      vertex 34.8 -35 2.4
    endloop
  endfacet
  facet normal 0 0 -1
    outer loop
      vertex 34.8 -35 94.4
      vertex 66.8 24.9988 94.4
      vertex 66.8 -35 94.4
    endloop
  endfacet
  facet normal -0 0 -1
    outer loop
      vertex 66.8 24.9988 94.4
      vertex 34.8 -35 94.4
      vertex 34.8 24.9988 94.4
    endloop
  endfacet
  facet normal -1 0 0
    outer loop
      vertex 66.8 -63.9988 2.4
      vertex 66.8 -37.4 94.4
      vertex 66.8 -37.4 2.4
    endloop
  endfacet
  facet normal -1 -0 0
    outer loop
      vertex 66.8 -37.4 94.4
      vertex 66.8 -63.9988 2.4
      vertex 66.8 -63.9988 94.4
    endloop
  endfacet
  facet normal 0 -1 0
    outer loop
      vertex 34.8 -37.4 2.4
      vertex 66.8 -37.4 94.4
      vertex 34.8 -37.4 94.4
    endloop
  endfacet
  facet normal 0 -1 -0
    outer loop
      vertex 66.8 -37.4 94.4
      vertex 34.8 -37.4 2.4
      vertex 66.8 -37.4 2.4
    endloop
  endfacet
  facet normal 1 -0 0
    outer loop
      vertex 34.8 -63.9988 94.4
      vertex 34.8 -37.4 2.4
      vertex 34.8 -37.4 94.4
    endloop
  endfacet
  facet normal 1 0 0
    outer loop
      vertex 34.8 -37.4 2.4
      vertex 34.8 -63.9988 94.4
      vertex 34.8 -63.9988 2.4
    endloop
  endfacet
  facet normal -0 0 1
    outer loop
      vertex 34.8 -37.4 2.4
      vertex 66.8 -63.9988 2.4
      vertex 66.8 -37.4 2.4
    endloop
  endfacet
  facet normal 0 0 1
    outer loop
      vertex 66.8 -63.9988 2.4
      vertex 34.8 -37.4 2.4
      vertex 34.8 -63.9988 2.4
    endloop
  endfacet
  facet normal 0 0 1
    outer loop
      vertex 95.3776 24.8505 2.4
      vertex 95.8285 24.6906 2.4
      vertex 95.7556 24.7235 2.4
    endloop
  endfacet
  facet normal 0 0 1
    outer loop
      vertex 94.9889 24.9392 2.4
      vertex 95.8285 24.6906 2.4
      vertex 95.3776 24.8505 2.4
    endloop
  endfacet
  facet normal 0 0 1
    outer loop
      vertex 94.5932 24.9888 2.4
      vertex 95.8285 24.6906 2.4
      vertex 94.9889 24.9392 2.4
    endloop
  endfacet
  facet normal 0 0 1
    outer loop
      vertex 94.1945 24.9988 2.4
      vertex 95.8285 24.6906 2.4
      vertex 94.5932 24.9888 2.4
    endloop
  endfacet
  facet normal 0 0 1
    outer loop
      vertex 94.1945 24.9988 2.4
      vertex 83.8722 -31.5593 2.4
      vertex 95.8285 24.6906 2.4
    endloop
  endfacet
  facet normal -0 0 1
    outer loop
      vertex 80.5589 24.9988 2.4
      vertex 83.8722 -31.5593 2.4
      vertex 94.1945 24.9988 2.4
    endloop
  endfacet
  facet normal 0 0 1
    outer loop
      vertex 83.8722 -31.5593 2.4
      vertex 80.5589 24.9988 2.4
      vertex 69.2 -28.4407 2.4
    endloop
  endfacet
  facet normal 0.207907 0.978149 -1.06348e-06
    outer loop
      vertex 83.8722 -31.5593 94.4
      vertex 81.5361 -31.0628 55.9
      vertex 69.2 -28.4407 94.4
    endloop
  endfacet
  facet normal 0.20789 0.978152 0
    outer loop
      vertex 83.8722 -31.5593 94.4
      vertex 81.5361 -31.0628 40.9
      vertex 81.5361 -31.0628 55.9
    endloop
  endfacet
  facet normal 0.207915 0.978147 1.56036e-06
    outer loop
      vertex 81.5361 -31.0628 40.9
      vertex 83.8722 -31.5593 2.4
      vertex 71.5361 -28.9372 40.9
    endloop
  endfacet
  facet normal 0.20789 0.978152 -0
    outer loop
      vertex 83.8722 -31.5593 2.4
      vertex 81.5361 -31.0628 40.9
      vertex 83.8722 -31.5593 94.4
    endloop
  endfacet
  facet normal 0.207915 0.978147 1.56036e-06
    outer loop
      vertex 71.5361 -28.9372 55.9
      vertex 69.2 -28.4407 94.4
      vertex 81.5361 -31.0628 55.9
    endloop
  endfacet
  facet normal 0.20789 0.978152 -0
    outer loop
      vertex 71.5361 -28.9372 40.9
      vertex 69.2 -28.4407 94.4
      vertex 71.5361 -28.9372 55.9
    endloop
  endfacet
  facet normal 0.20789 0.978152 0
    outer loop
      vertex 71.5361 -28.9372 40.9
      vertex 69.2 -28.4407 2.4
      vertex 69.2 -28.4407 94.4
    endloop
  endfacet
  facet normal 0.207907 0.978149 -1.06348e-06
    outer loop
      vertex 69.2 -28.4407 2.4
      vertex 71.5361 -28.9372 40.9
      vertex 83.8722 -31.5593 2.4
    endloop
  endfacet
  facet normal -0.978148 0.207912 0
    outer loop
      vertex 83.8722 -31.5593 2.4
      vertex 95.8285 24.6906 94.4
      vertex 95.8285 24.6906 2.4
    endloop
  endfacet
  facet normal -0.978148 0.207912 0
    outer loop
      vertex 95.8285 24.6906 94.4
      vertex 83.8722 -31.5593 2.4
      vertex 83.8722 -31.5593 94.4
    endloop
  endfacet
  facet normal 0.978148 -0.207911 0
    outer loop
      vertex 69.2 -28.4407 94.4
      vertex 80.5589 24.9988 2.4
      vertex 80.5589 24.9988 94.4
    endloop
  endfacet
  facet normal 0.978148 -0.207911 0
    outer loop
      vertex 80.5589 24.9988 2.4
      vertex 69.2 -28.4407 94.4
      vertex 69.2 -28.4407 2.4
    endloop
  endfacet
  facet normal 0 0 -1
    outer loop
      vertex 95.8285 24.6906 94.4
      vertex 95.3776 24.8505 94.4
      vertex 95.7556 24.7235 94.4
    endloop
  endfacet
  facet normal 0 0 -1
    outer loop
      vertex 95.8285 24.6906 94.4
      vertex 94.9889 24.9392 94.4
      vertex 95.3776 24.8505 94.4
    endloop
  endfacet
  facet normal 0 0 -1
    outer loop
      vertex 95.8285 24.6906 94.4
      vertex 94.5932 24.9888 94.4
      vertex 94.9889 24.9392 94.4
    endloop
  endfacet
  facet normal 0 0 -1
    outer loop
      vertex 95.8285 24.6906 94.4
      vertex 94.1945 24.9988 94.4
      vertex 94.5932 24.9888 94.4
    endloop
  endfacet
  facet normal 0 0 -1
    outer loop
      vertex 83.8722 -31.5593 94.4
      vertex 94.1945 24.9988 94.4
      vertex 95.8285 24.6906 94.4
    endloop
  endfacet
  facet normal 0 0 -1
    outer loop
      vertex 83.8722 -31.5593 94.4
      vertex 80.5589 24.9988 94.4
      vertex 94.1945 24.9988 94.4
    endloop
  endfacet
  facet normal 0 -0 -1
    outer loop
      vertex 80.5589 24.9988 94.4
      vertex 83.8722 -31.5593 94.4
      vertex 69.2 -28.4407 94.4
    endloop
  endfacet
  facet normal -1 0 0
    outer loop
      vertex 95.8943 -63.6609 2.4
      vertex 95.8943 -33.9593 94.4
      vertex 95.8943 -33.9593 2.4
    endloop
  endfacet
  facet normal -1 -0 0
    outer loop
      vertex 95.8943 -33.9593 94.4
      vertex 95.8943 -63.6609 2.4
      vertex 95.8943 -63.6609 94.4
    endloop
  endfacet
  facet normal 0 -1 0
    outer loop
      vertex 81.5361 -33.9593 55.9
      vertex 69.2 -33.9593 94.4
      vertex 71.5361 -33.9593 55.9
    endloop
  endfacet
  facet normal 0 -1 0
    outer loop
      vertex 69.2 -33.9593 94.4
      vertex 71.5361 -33.9593 40.9
      vertex 71.5361 -33.9593 55.9
    endloop
  endfacet
  facet normal 0 -1 -0
    outer loop
      vertex 71.5361 -33.9593 40.9
      vertex 69.2 -33.9593 2.4
      vertex 81.5361 -33.9593 40.9
    endloop
  endfacet
  facet normal 0 -1 0
    outer loop
      vertex 69.2 -33.9593 2.4
      vertex 71.5361 -33.9593 40.9
      vertex 69.2 -33.9593 94.4
    endloop
  endfacet
  facet normal 0 -1 0
    outer loop
      vertex 69.2 -33.9593 94.4
      vertex 81.5361 -33.9593 55.9
      vertex 95.8943 -33.9593 94.4
    endloop
  endfacet
  facet normal 0 -1 0
    outer loop
      vertex 81.5361 -33.9593 40.9
      vertex 95.8943 -33.9593 94.4
      vertex 81.5361 -33.9593 55.9
    endloop
  endfacet
  facet normal 0 -1 0
    outer loop
      vertex 81.5361 -33.9593 40.9
      vertex 95.8943 -33.9593 2.4
      vertex 95.8943 -33.9593 94.4
    endloop
  endfacet
  facet normal 0 -1 0
    outer loop
      vertex 95.8943 -33.9593 2.4
      vertex 81.5361 -33.9593 40.9
      vertex 69.2 -33.9593 2.4
    endloop
  endfacet
  facet normal 1 -0 0
    outer loop
      vertex 69.2 -63.9988 94.4
      vertex 69.2 -33.9593 2.4
      vertex 69.2 -33.9593 94.4
    endloop
  endfacet
  facet normal 1 0 0
    outer loop
      vertex 69.2 -33.9593 2.4
      vertex 69.2 -63.9988 94.4
      vertex 69.2 -63.9988 2.4
    endloop
  endfacet
  facet normal 0 0 1
    outer loop
      vertex 94.1945 -63.9988 2.4
      vertex 95.8943 -63.6609 2.4
      vertex 95.8943 -33.9593 2.4
    endloop
  endfacet
  facet normal 0 -0 1
    outer loop
      vertex 95.3776 -63.8505 2.4
      vertex 95.8943 -63.6609 2.4
      vertex 94.1945 -63.9988 2.4
    endloop
  endfacet
  facet normal 0 0 1
    outer loop
      vertex 95.8943 -63.6609 2.4
      vertex 95.3776 -63.8505 2.4
      vertex 95.7556 -63.7235 2.4
    endloop
  endfacet
  facet normal 0 0 1
    outer loop
      vertex 95.3776 -63.8505 2.4
      vertex 94.1945 -63.9988 2.4
      vertex 94.9889 -63.9392 2.4
    endloop
  endfacet
  facet normal 0 0 1
    outer loop
      vertex 94.9889 -63.9392 2.4
      vertex 94.1945 -63.9988 2.4
      vertex 94.5932 -63.9888 2.4
    endloop
  endfacet
  facet normal -0 0 1
    outer loop
      vertex 69.2 -33.9593 2.4
      vertex 94.1945 -63.9988 2.4
      vertex 95.8943 -33.9593 2.4
    endloop
  endfacet
  facet normal 0 0 1
    outer loop
      vertex 94.1945 -63.9988 2.4
      vertex 69.2 -33.9593 2.4
      vertex 69.2 -63.9988 2.4
    endloop
  endfacet
  facet normal -1 0 0
    outer loop
      vertex 81.5361 -33.9593 40.9
      vertex 81.5361 -31.0628 55.9
      vertex 81.5361 -31.0628 40.9
    endloop
  endfacet
  facet normal -1 -0 0
    outer loop
      vertex 81.5361 -31.0628 55.9
      vertex 81.5361 -33.9593 40.9
      vertex 81.5361 -33.9593 55.9
    endloop
  endfacet
  facet normal 1 -0 0
    outer loop
      vertex 71.5361 -33.9593 55.9
      vertex 71.5361 -28.9372 40.9
      vertex 71.5361 -28.9372 55.9
    endloop
  endfacet
  facet normal 1 0 0
    outer loop
      vertex 71.5361 -28.9372 40.9
      vertex 71.5361 -33.9593 55.9
      vertex 71.5361 -33.9593 40.9
    endloop
  endfacet
  facet normal 0 0 1
    outer loop
      vertex 71.5361 -33.9593 40.9
      vertex 81.5361 -31.0628 40.9
      vertex 71.5361 -28.9372 40.9
    endloop
  endfacet
  facet normal 0 0 1
    outer loop
      vertex 81.5361 -31.0628 40.9
      vertex 71.5361 -33.9593 40.9
      vertex 81.5361 -33.9593 40.9
    endloop
  endfacet
  facet normal 0 0 -1
    outer loop
      vertex 71.5361 -33.9593 55.9
      vertex 81.5361 -31.0628 55.9
      vertex 81.5361 -33.9593 55.9
    endloop
  endfacet
  facet normal -0 0 -1
    outer loop
      vertex 81.5361 -31.0628 55.9
      vertex 71.5361 -33.9593 55.9
      vertex 71.5361 -28.9372 55.9
    endloop
  endfacet
  facet normal 0.499999 0 0.866026
    outer loop
      vertex 35.9471 -46 125.279
      vertex 49.1471 -58.5 117.658
      vertex 49.1471 -46 117.658
    endloop
  endfacet
  facet normal 0.499999 0 0.866026
    outer loop
      vertex 49.1471 -58.5 117.658
      vertex 35.9471 -46 125.279
      vertex 35.9471 -58.5 125.279
    endloop
  endfacet
  facet normal -0.499999 0 0.866026
    outer loop
      vertex 49.1471 -46 117.658
      vertex 62.3471 -58.5 125.279
      vertex 62.3471 -46 125.279
    endloop
  endfacet
  facet normal -0.499999 0 0.866026
    outer loop
      vertex 62.3471 -58.5 125.279
      vertex 49.1471 -46 117.658
      vertex 49.1471 -58.5 117.658
    endloop
  endfacet
  facet normal 1 -0 0
    outer loop
      vertex 35.9471 -58.5 140.521
      vertex 35.9471 -46 125.279
      vertex 35.9471 -46 140.521
    endloop
  endfacet
  facet normal 1 0 0
    outer loop
      vertex 35.9471 -46 125.279
      vertex 35.9471 -58.5 140.521
      vertex 35.9471 -58.5 125.279
    endloop
  endfacet
  facet normal -0.499999 0 -0.866026
    outer loop
      vertex 49.1471 -58.5 148.142
      vertex 62.3471 -46 140.521
      vertex 62.3471 -58.5 140.521
    endloop
  endfacet
  facet normal -0.499999 0 -0.866026
    outer loop
      vertex 62.3471 -46 140.521
      vertex 49.1471 -58.5 148.142
      vertex 49.1471 -46 148.142
    endloop
  endfacet
  facet normal -1 0 0
    outer loop
      vertex 62.3471 -58.5 125.279
      vertex 62.3471 -46 140.521
      vertex 62.3471 -46 125.279
    endloop
  endfacet
  facet normal -1 -0 0
    outer loop
      vertex 62.3471 -46 140.521
      vertex 62.3471 -58.5 125.279
      vertex 62.3471 -58.5 140.521
    endloop
  endfacet
  facet normal 0.499999 0 -0.866026
    outer loop
      vertex 35.9471 -58.5 140.521
      vertex 49.1471 -46 148.142
      vertex 49.1471 -58.5 148.142
    endloop
  endfacet
  facet normal 0.499999 0 -0.866026
    outer loop
      vertex 49.1471 -46 148.142
      vertex 35.9471 -58.5 140.521
      vertex 35.9471 -46 140.521
    endloop
  endfacet
  facet normal 0 1 -0
    outer loop
      vertex 55.0867 -58.5 138.98
      vertex 49.1471 -58.5 148.142
      vertex 62.3471 -58.5 140.521
    endloop
  endfacet
  facet normal 0 1 0
    outer loop
      vertex 49.1471 -58.5 148.142
      vertex 55.0867 -58.5 138.98
      vertex 49.1521 -58.5 144.926
    endloop
  endfacet
  facet normal 0 1 0
    outer loop
      vertex 62.3471 -58.5 140.521
      vertex 55.3652 -58.5 138.695
      vertex 55.0867 -58.5 138.98
    endloop
  endfacet
  facet normal 0 1 0
    outer loop
      vertex 62.3471 -58.5 140.521
      vertex 55.63 -58.5 138.398
      vertex 55.3652 -58.5 138.695
    endloop
  endfacet
  facet normal 0 1 0
    outer loop
      vertex 62.3471 -58.5 140.521
      vertex 55.8805 -58.5 138.088
      vertex 55.63 -58.5 138.398
    endloop
  endfacet
  facet normal 0 1 0
    outer loop
      vertex 62.3471 -58.5 140.521
      vertex 56.1163 -58.5 137.766
      vertex 55.8805 -58.5 138.088
    endloop
  endfacet
  facet normal 0 1 0
    outer loop
      vertex 62.3471 -58.5 140.521
      vertex 56.3367 -58.5 137.434
      vertex 56.1163 -58.5 137.766
    endloop
  endfacet
  facet normal 0 1 0
    outer loop
      vertex 62.3471 -58.5 140.521
      vertex 56.5413 -58.5 137.092
      vertex 56.3367 -58.5 137.434
    endloop
  endfacet
  facet normal 0 1 0
    outer loop
      vertex 62.3471 -58.5 140.521
      vertex 56.7297 -58.5 136.741
      vertex 56.5413 -58.5 137.092
    endloop
  endfacet
  facet normal 0 1 0
    outer loop
      vertex 62.3471 -58.5 140.521
      vertex 56.9014 -58.5 136.382
      vertex 56.7297 -58.5 136.741
    endloop
  endfacet
  facet normal 0 1 0
    outer loop
      vertex 62.3471 -58.5 140.521
      vertex 57.0561 -58.5 136.014
      vertex 56.9014 -58.5 136.382
    endloop
  endfacet
  facet normal 0 1 0
    outer loop
      vertex 62.3471 -58.5 140.521
      vertex 57.1934 -58.5 135.64
      vertex 57.0561 -58.5 136.014
    endloop
  endfacet
  facet normal 0 1 0
    outer loop
      vertex 62.3471 -58.5 140.521
      vertex 57.313 -58.5 135.26
      vertex 57.1934 -58.5 135.64
    endloop
  endfacet
  facet normal 0 1 0
    outer loop
      vertex 62.3471 -58.5 140.521
      vertex 57.4146 -58.5 134.875
      vertex 57.313 -58.5 135.26
    endloop
  endfacet
  facet normal 0 1 0
    outer loop
      vertex 62.3471 -58.5 140.521
      vertex 57.4981 -58.5 134.485
      vertex 57.4146 -58.5 134.875
    endloop
  endfacet
  facet normal 0 1 0
    outer loop
      vertex 62.3471 -58.5 140.521
      vertex 57.5632 -58.5 134.092
      vertex 57.4981 -58.5 134.485
    endloop
  endfacet
  facet normal 0 1 0
    outer loop
      vertex 62.3471 -58.5 140.521
      vertex 57.6098 -58.5 133.696
      vertex 57.5632 -58.5 134.092
    endloop
  endfacet
  facet normal 0 1 0
    outer loop
      vertex 62.3471 -58.5 140.521
      vertex 57.6378 -58.5 133.298
      vertex 57.6098 -58.5 133.696
    endloop
  endfacet
  facet normal 0 1 0
    outer loop
      vertex 62.3471 -58.5 140.521
      vertex 57.6471 -58.5 132.9
      vertex 57.6378 -58.5 133.298
    endloop
  endfacet
  facet normal 0 1 -0
    outer loop
      vertex 62.3471 -58.5 125.279
      vertex 57.6471 -58.5 132.9
      vertex 62.3471 -58.5 140.521
    endloop
  endfacet
  facet normal 0 1 0
    outer loop
      vertex 57.6471 -58.5 132.9
      vertex 62.3471 -58.5 125.279
      vertex 57.6378 -58.5 132.502
    endloop
  endfacet
  facet normal 0 1 0
    outer loop
      vertex 57.6378 -58.5 132.502
      vertex 62.3471 -58.5 125.279
      vertex 57.6098 -58.5 132.104
    endloop
  endfacet
  facet normal 0 1 0
    outer loop
      vertex 57.6098 -58.5 132.104
      vertex 62.3471 -58.5 125.279
      vertex 57.5632 -58.5 131.708
    endloop
  endfacet
  facet normal 0 1 0
    outer loop
      vertex 57.5632 -58.5 131.708
      vertex 62.3471 -58.5 125.279
      vertex 57.4981 -58.5 131.315
    endloop
  endfacet
  facet normal 0 1 0
    outer loop
      vertex 57.4981 -58.5 131.315
      vertex 62.3471 -58.5 125.279
      vertex 57.4146 -58.5 130.925
    endloop
  endfacet
  facet normal 0 1 0
    outer loop
      vertex 57.4146 -58.5 130.925
      vertex 62.3471 -58.5 125.279
      vertex 57.313 -58.5 130.54
    endloop
  endfacet
  facet normal 0 1 0
    outer loop
      vertex 57.313 -58.5 130.54
      vertex 62.3471 -58.5 125.279
      vertex 57.1934 -58.5 130.16
    endloop
  endfacet
  facet normal 0 1 0
    outer loop
      vertex 57.1934 -58.5 130.16
      vertex 62.3471 -58.5 125.279
      vertex 57.0561 -58.5 129.786
    endloop
  endfacet
  facet normal 0 1 0
    outer loop
      vertex 57.0561 -58.5 129.786
      vertex 62.3471 -58.5 125.279
      vertex 56.9014 -58.5 129.418
    endloop
  endfacet
  facet normal 0 1 0
    outer loop
      vertex 56.9014 -58.5 129.418
      vertex 62.3471 -58.5 125.279
      vertex 56.7297 -58.5 129.059
    endloop
  endfacet
  facet normal 0 1 0
    outer loop
      vertex 62.3471 -58.5 125.279
      vertex 56.5413 -58.5 128.708
      vertex 56.7297 -58.5 129.059
    endloop
  endfacet
  facet normal 0 1 0
    outer loop
      vertex 62.3471 -58.5 125.279
      vertex 56.3367 -58.5 128.366
      vertex 56.5413 -58.5 128.708
    endloop
  endfacet
  facet normal 0 1 0
    outer loop
      vertex 62.3471 -58.5 125.279
      vertex 56.1163 -58.5 128.034
      vertex 56.3367 -58.5 128.366
    endloop
  endfacet
  facet normal 0 1 0
    outer loop
      vertex 62.3471 -58.5 125.279
      vertex 55.8805 -58.5 127.712
      vertex 56.1163 -58.5 128.034
    endloop
  endfacet
  facet normal 0 1 0
    outer loop
      vertex 62.3471 -58.5 125.279
      vertex 55.63 -58.5 127.402
      vertex 55.8805 -58.5 127.712
    endloop
  endfacet
  facet normal 0 1 0
    outer loop
      vertex 62.3471 -58.5 125.279
      vertex 55.3652 -58.5 127.105
      vertex 55.63 -58.5 127.402
    endloop
  endfacet
  facet normal 0 1 0
    outer loop
      vertex 62.3471 -58.5 125.279
      vertex 55.0867 -58.5 126.82
      vertex 55.3652 -58.5 127.105
    endloop
  endfacet
  facet normal 0 1 0
    outer loop
      vertex 62.3471 -58.5 125.279
      vertex 54.7951 -58.5 126.548
      vertex 55.0867 -58.5 126.82
    endloop
  endfacet
  facet normal 0 1 0
    outer loop
      vertex 62.3471 -58.5 125.279
      vertex 54.4912 -58.5 126.29
      vertex 54.7951 -58.5 126.548
    endloop
  endfacet
  facet normal 0 1 0
    outer loop
      vertex 62.3471 -58.5 125.279
      vertex 54.1755 -58.5 126.047
      vertex 54.4912 -58.5 126.29
    endloop
  endfacet
  facet normal 0 1 0
    outer loop
      vertex 62.3471 -58.5 125.279
      vertex 53.8488 -58.5 125.819
      vertex 54.1755 -58.5 126.047
    endloop
  endfacet
  facet normal 0 1 0
    outer loop
      vertex 62.3471 -58.5 125.279
      vertex 53.5117 -58.5 125.606
      vertex 53.8488 -58.5 125.819
    endloop
  endfacet
  facet normal 0 1 0
    outer loop
      vertex 49.1471 -58.5 117.658
      vertex 53.5117 -58.5 125.606
      vertex 62.3471 -58.5 125.279
    endloop
  endfacet
  facet normal 0 1 0
    outer loop
      vertex 53.5117 -58.5 125.606
      vertex 49.1471 -58.5 117.658
      vertex 53.165 -58.5 125.41
    endloop
  endfacet
  facet normal 0 1 0
    outer loop
      vertex 53.165 -58.5 125.41
      vertex 49.1471 -58.5 117.658
      vertex 52.8095 -58.5 125.229
    endloop
  endfacet
  facet normal 0 1 0
    outer loop
      vertex 52.8095 -58.5 125.229
      vertex 49.1471 -58.5 117.658
      vertex 52.4459 -58.5 125.066
    endloop
  endfacet
  facet normal 0 1 0
    outer loop
      vertex 52.4459 -58.5 125.066
      vertex 49.1471 -58.5 117.658
      vertex 52.0751 -58.5 124.92
    endloop
  endfacet
  facet normal 0 1 0
    outer loop
      vertex 52.0751 -58.5 124.92
      vertex 49.1471 -58.5 117.658
      vertex 51.6979 -58.5 124.792
    endloop
  endfacet
  facet normal 0 1 0
    outer loop
      vertex 51.6979 -58.5 124.792
      vertex 49.1471 -58.5 117.658
      vertex 51.315 -58.5 124.681
    endloop
  endfacet
  facet normal 0 1 0
    outer loop
      vertex 51.315 -58.5 124.681
      vertex 49.1471 -58.5 117.658
      vertex 50.9274 -58.5 124.589
    endloop
  endfacet
  facet normal 0 1 0
    outer loop
      vertex 50.9274 -58.5 124.589
      vertex 49.1471 -58.5 117.658
      vertex 50.5358 -58.5 124.514
    endloop
  endfacet
  facet normal 0 1 0
    outer loop
      vertex 50.5358 -58.5 124.514
      vertex 49.1471 -58.5 117.658
      vertex 50.1413 -58.5 124.458
    endloop
  endfacet
  facet normal 0 1 0
    outer loop
      vertex 49.3464 -58.5 124.402
      vertex 49.1471 -58.5 117.658
      vertex 48.9479 -58.5 124.402
    endloop
  endfacet
  facet normal 0 1 0
    outer loop
      vertex 49.7445 -58.5 124.421
      vertex 49.1471 -58.5 117.658
      vertex 49.3464 -58.5 124.402
    endloop
  endfacet
  facet normal 0 1 0
    outer loop
      vertex 50.1413 -58.5 124.458
      vertex 49.1471 -58.5 117.658
      vertex 49.7445 -58.5 124.421
    endloop
  endfacet
  facet normal 0 1 0
    outer loop
      vertex 49.1421 -58.5 144.926
      vertex 49.1471 -58.5 148.142
      vertex 49.1521 -58.5 144.926
    endloop
  endfacet
  facet normal 0 1 0
    outer loop
      vertex 43.2076 -58.5 138.98
      vertex 49.1471 -58.5 148.142
      vertex 49.1421 -58.5 144.926
    endloop
  endfacet
  facet normal 0 1 0
    outer loop
      vertex 49.1471 -58.5 148.142
      vertex 43.2076 -58.5 138.98
      vertex 35.9471 -58.5 140.521
    endloop
  endfacet
  facet normal 0 1 -0
    outer loop
      vertex 42.9291 -58.5 138.695
      vertex 35.9471 -58.5 140.521
      vertex 43.2076 -58.5 138.98
    endloop
  endfacet
  facet normal 0 1 -0
    outer loop
      vertex 42.6643 -58.5 138.398
      vertex 35.9471 -58.5 140.521
      vertex 42.9291 -58.5 138.695
    endloop
  endfacet
  facet normal 0 1 -0
    outer loop
      vertex 42.4138 -58.5 138.088
      vertex 35.9471 -58.5 140.521
      vertex 42.6643 -58.5 138.398
    endloop
  endfacet
  facet normal 0 1 -0
    outer loop
      vertex 42.178 -58.5 137.766
      vertex 35.9471 -58.5 140.521
      vertex 42.4138 -58.5 138.088
    endloop
  endfacet
  facet normal 0 1 -0
    outer loop
      vertex 41.9576 -58.5 137.434
      vertex 35.9471 -58.5 140.521
      vertex 42.178 -58.5 137.766
    endloop
  endfacet
  facet normal 0 1 -0
    outer loop
      vertex 41.7529 -58.5 137.092
      vertex 35.9471 -58.5 140.521
      vertex 41.9576 -58.5 137.434
    endloop
  endfacet
  facet normal 0 1 -0
    outer loop
      vertex 41.5646 -58.5 136.741
      vertex 35.9471 -58.5 140.521
      vertex 41.7529 -58.5 137.092
    endloop
  endfacet
  facet normal 0 1 -0
    outer loop
      vertex 41.3928 -58.5 136.382
      vertex 35.9471 -58.5 140.521
      vertex 41.5646 -58.5 136.741
    endloop
  endfacet
  facet normal 0 1 -0
    outer loop
      vertex 41.2382 -58.5 136.014
      vertex 35.9471 -58.5 140.521
      vertex 41.3928 -58.5 136.382
    endloop
  endfacet
  facet normal 0 1 -0
    outer loop
      vertex 41.1009 -58.5 135.64
      vertex 35.9471 -58.5 140.521
      vertex 41.2382 -58.5 136.014
    endloop
  endfacet
  facet normal 0 1 -0
    outer loop
      vertex 40.9813 -58.5 135.26
      vertex 35.9471 -58.5 140.521
      vertex 41.1009 -58.5 135.64
    endloop
  endfacet
  facet normal 0 1 -0
    outer loop
      vertex 40.8797 -58.5 134.875
      vertex 35.9471 -58.5 140.521
      vertex 40.9813 -58.5 135.26
    endloop
  endfacet
  facet normal 0 1 -0
    outer loop
      vertex 40.7962 -58.5 134.485
      vertex 35.9471 -58.5 140.521
      vertex 40.8797 -58.5 134.875
    endloop
  endfacet
  facet normal 0 1 -0
    outer loop
      vertex 40.7311 -58.5 134.092
      vertex 35.9471 -58.5 140.521
      vertex 40.7962 -58.5 134.485
    endloop
  endfacet
  facet normal 0 1 -0
    outer loop
      vertex 40.6845 -58.5 133.696
      vertex 35.9471 -58.5 140.521
      vertex 40.7311 -58.5 134.092
    endloop
  endfacet
  facet normal 0 1 -0
    outer loop
      vertex 40.6565 -58.5 133.298
      vertex 35.9471 -58.5 140.521
      vertex 40.6845 -58.5 133.696
    endloop
  endfacet
  facet normal 0 1 -0
    outer loop
      vertex 40.6471 -58.5 132.9
      vertex 35.9471 -58.5 140.521
      vertex 40.6565 -58.5 133.298
    endloop
  endfacet
  facet normal 0 1 0
    outer loop
      vertex 35.9471 -58.5 125.279
      vertex 40.6471 -58.5 132.9
      vertex 40.6565 -58.5 132.502
    endloop
  endfacet
  facet normal 0 1 0
    outer loop
      vertex 35.9471 -58.5 125.279
      vertex 40.6565 -58.5 132.502
      vertex 40.6845 -58.5 132.104
    endloop
  endfacet
  facet normal 0 1 0
    outer loop
      vertex 35.9471 -58.5 125.279
      vertex 40.6845 -58.5 132.104
      vertex 40.7311 -58.5 131.708
    endloop
  endfacet
  facet normal 0 1 0
    outer loop
      vertex 35.9471 -58.5 125.279
      vertex 40.7311 -58.5 131.708
      vertex 40.7962 -58.5 131.315
    endloop
  endfacet
  facet normal 0 1 0
    outer loop
      vertex 35.9471 -58.5 125.279
      vertex 40.7962 -58.5 131.315
      vertex 40.8797 -58.5 130.925
    endloop
  endfacet
  facet normal 0 1 0
    outer loop
      vertex 35.9471 -58.5 125.279
      vertex 40.8797 -58.5 130.925
      vertex 40.9813 -58.5 130.54
    endloop
  endfacet
  facet normal 0 1 0
    outer loop
      vertex 35.9471 -58.5 125.279
      vertex 40.9813 -58.5 130.54
      vertex 41.1009 -58.5 130.16
    endloop
  endfacet
  facet normal 0 1 0
    outer loop
      vertex 35.9471 -58.5 125.279
      vertex 41.1009 -58.5 130.16
      vertex 41.2382 -58.5 129.786
    endloop
  endfacet
  facet normal 0 1 0
    outer loop
      vertex 35.9471 -58.5 125.279
      vertex 41.2382 -58.5 129.786
      vertex 41.3928 -58.5 129.418
    endloop
  endfacet
  facet normal 0 1 0
    outer loop
      vertex 35.9471 -58.5 125.279
      vertex 41.3928 -58.5 129.418
      vertex 41.5646 -58.5 129.059
    endloop
  endfacet
  facet normal 0 1 0
    outer loop
      vertex 40.6471 -58.5 132.9
      vertex 35.9471 -58.5 125.279
      vertex 35.9471 -58.5 140.521
    endloop
  endfacet
  facet normal 0 1 0
    outer loop
      vertex 41.7529 -58.5 128.708
      vertex 35.9471 -58.5 125.279
      vertex 41.5646 -58.5 129.059
    endloop
  endfacet
  facet normal 0 1 0
    outer loop
      vertex 41.9576 -58.5 128.366
      vertex 35.9471 -58.5 125.279
      vertex 41.7529 -58.5 128.708
    endloop
  endfacet
  facet normal 0 1 0
    outer loop
      vertex 42.178 -58.5 128.034
      vertex 35.9471 -58.5 125.279
      vertex 41.9576 -58.5 128.366
    endloop
  endfacet
  facet normal 0 1 0
    outer loop
      vertex 42.4138 -58.5 127.712
      vertex 35.9471 -58.5 125.279
      vertex 42.178 -58.5 128.034
    endloop
  endfacet
  facet normal 0 1 0
    outer loop
      vertex 42.6643 -58.5 127.402
      vertex 35.9471 -58.5 125.279
      vertex 42.4138 -58.5 127.712
    endloop
  endfacet
  facet normal 0 1 0
    outer loop
      vertex 42.9291 -58.5 127.105
      vertex 35.9471 -58.5 125.279
      vertex 42.6643 -58.5 127.402
    endloop
  endfacet
  facet normal 0 1 0
    outer loop
      vertex 43.2076 -58.5 126.82
      vertex 35.9471 -58.5 125.279
      vertex 42.9291 -58.5 127.105
    endloop
  endfacet
  facet normal 0 1 0
    outer loop
      vertex 43.4991 -58.5 126.548
      vertex 35.9471 -58.5 125.279
      vertex 43.2076 -58.5 126.82
    endloop
  endfacet
  facet normal 0 1 0
    outer loop
      vertex 43.8031 -58.5 126.29
      vertex 35.9471 -58.5 125.279
      vertex 43.4991 -58.5 126.548
    endloop
  endfacet
  facet normal 0 1 0
    outer loop
      vertex 44.1188 -58.5 126.047
      vertex 35.9471 -58.5 125.279
      vertex 43.8031 -58.5 126.29
    endloop
  endfacet
  facet normal 0 1 0
    outer loop
      vertex 44.4455 -58.5 125.819
      vertex 35.9471 -58.5 125.279
      vertex 44.1188 -58.5 126.047
    endloop
  endfacet
  facet normal 0 1 0
    outer loop
      vertex 44.7826 -58.5 125.606
      vertex 35.9471 -58.5 125.279
      vertex 44.4455 -58.5 125.819
    endloop
  endfacet
  facet normal 0 1 0
    outer loop
      vertex 49.1471 -58.5 117.658
      vertex 44.7826 -58.5 125.606
      vertex 45.1293 -58.5 125.41
    endloop
  endfacet
  facet normal 0 1 0
    outer loop
      vertex 49.1471 -58.5 117.658
      vertex 45.1293 -58.5 125.41
      vertex 45.4848 -58.5 125.229
    endloop
  endfacet
  facet normal 0 1 0
    outer loop
      vertex 49.1471 -58.5 117.658
      vertex 45.4848 -58.5 125.229
      vertex 45.8484 -58.5 125.066
    endloop
  endfacet
  facet normal 0 1 0
    outer loop
      vertex 49.1471 -58.5 117.658
      vertex 45.8484 -58.5 125.066
      vertex 46.2192 -58.5 124.92
    endloop
  endfacet
  facet normal 0 1 0
    outer loop
      vertex 49.1471 -58.5 117.658
      vertex 46.2192 -58.5 124.92
      vertex 46.5964 -58.5 124.792
    endloop
  endfacet
  facet normal 0 1 0
    outer loop
      vertex 49.1471 -58.5 117.658
      vertex 46.5964 -58.5 124.792
      vertex 46.9793 -58.5 124.681
    endloop
  endfacet
  facet normal 0 1 0
    outer loop
      vertex 49.1471 -58.5 117.658
      vertex 46.9793 -58.5 124.681
      vertex 47.3669 -58.5 124.589
    endloop
  endfacet
  facet normal 0 1 0
    outer loop
      vertex 49.1471 -58.5 117.658
      vertex 47.3669 -58.5 124.589
      vertex 47.7584 -58.5 124.514
    endloop
  endfacet
  facet normal 0 1 0
    outer loop
      vertex 49.1471 -58.5 117.658
      vertex 47.7584 -58.5 124.514
      vertex 48.153 -58.5 124.458
    endloop
  endfacet
  facet normal 0 1 0
    outer loop
      vertex 49.1471 -58.5 117.658
      vertex 48.153 -58.5 124.458
      vertex 48.5498 -58.5 124.421
    endloop
  endfacet
  facet normal 0 1 0
    outer loop
      vertex 44.7826 -58.5 125.606
      vertex 49.1471 -58.5 117.658
      vertex 35.9471 -58.5 125.279
    endloop
  endfacet
  facet normal 0 1 0
    outer loop
      vertex 49.1471 -58.5 117.658
      vertex 48.5498 -58.5 124.421
      vertex 48.9479 -58.5 124.402
    endloop
  endfacet
  facet normal 0.997534 0 -0.0701783
    outer loop
      vertex 40.6845 -64 133.696
      vertex 40.6565 -58.5 133.298
      vertex 40.6845 -58.5 133.696
    endloop
  endfacet
  facet normal 0.997534 0 -0.0701783
    outer loop
      vertex 40.6565 -58.5 133.298
      vertex 40.6845 -64 133.696
      vertex 40.6565 -64 133.298
    endloop
  endfacet
  facet normal 0.999721 0 -0.0236115
    outer loop
      vertex 40.6565 -64 133.298
      vertex 40.6471 -58.5 132.9
      vertex 40.6565 -58.5 133.298
    endloop
  endfacet
  facet normal 0.999721 0 -0.0236115
    outer loop
      vertex 40.6471 -58.5 132.9
      vertex 40.6565 -64 133.298
      vertex 40.6471 -64 132.9
    endloop
  endfacet
  facet normal -0.534163 0 0.845382
    outer loop
      vertex 53.5117 -58.5 125.606
      vertex 53.8488 -64 125.819
      vertex 53.8488 -58.5 125.819
    endloop
  endfacet
  facet normal -0.534163 0 0.845382
    outer loop
      vertex 53.8488 -64 125.819
      vertex 53.5117 -58.5 125.606
      vertex 53.5117 -64 125.606
    endloop
  endfacet
  facet normal -0.188103 0 0.982149
    outer loop
      vertex 50.5358 -58.5 124.514
      vertex 50.9274 -64 124.589
      vertex 50.9274 -58.5 124.589
    endloop
  endfacet
  facet normal -0.188103 0 0.982149
    outer loop
      vertex 50.9274 -64 124.589
      vertex 50.5358 -58.5 124.514
      vertex 50.5358 -64 124.514
    endloop
  endfacet
  facet normal 0.999721 -0 0.0236115
    outer loop
      vertex 40.6471 -64 132.9
      vertex 40.6565 -58.5 132.502
      vertex 40.6471 -58.5 132.9
    endloop
  endfacet
  facet normal 0.999721 0 0.0236115
    outer loop
      vertex 40.6565 -58.5 132.502
      vertex 40.6471 -64 132.9
      vertex 40.6565 -64 132.502
    endloop
  endfacet
  facet normal -0.953871 0 -0.300218
    outer loop
      vertex 57.313 -64 135.26
      vertex 57.1934 -58.5 135.64
      vertex 57.313 -58.5 135.26
    endloop
  endfacet
  facet normal -0.953871 -0 -0.300218
    outer loop
      vertex 57.1934 -58.5 135.64
      vertex 57.313 -64 135.26
      vertex 57.1934 -64 135.64
    endloop
  endfacet
  facet normal -0.715216 0 0.698904
    outer loop
      vertex 55.0867 -64 126.82
      vertex 55.3652 -58.5 127.105
      vertex 55.0867 -58.5 126.82
    endloop
  endfacet
  facet normal -0.715216 0 0.698904
    outer loop
      vertex 55.3652 -58.5 127.105
      vertex 55.0867 -64 126.82
      vertex 55.3652 -64 127.105
    endloop
  endfacet
  facet normal 0.921946 0 -0.387318
    outer loop
      vertex 41.3928 -64 136.382
      vertex 41.2382 -58.5 136.014
      vertex 41.3928 -58.5 136.382
    endloop
  endfacet
  facet normal 0.921946 0 -0.387318
    outer loop
      vertex 41.2382 -58.5 136.014
      vertex 41.3928 -64 136.382
      vertex 41.2382 -64 136.014
    endloop
  endfacet
  facet normal -0.40907 0 0.912503
    outer loop
      vertex 52.4459 -58.5 125.066
      vertex 52.8095 -64 125.229
      vertex 52.8095 -58.5 125.229
    endloop
  endfacet
  facet normal -0.40907 0 0.912503
    outer loop
      vertex 52.8095 -64 125.229
      vertex 52.4459 -58.5 125.066
      vertex 52.4459 -64 125.066
    endloop
  endfacet
  facet normal -0.993147 0 0.11687
    outer loop
      vertex 57.5632 -64 131.708
      vertex 57.6098 -58.5 132.104
      vertex 57.5632 -58.5 131.708
    endloop
  endfacet
  facet normal -0.993147 0 0.11687
    outer loop
      vertex 57.6098 -58.5 132.104
      vertex 57.5632 -64 131.708
      vertex 57.6098 -64 132.104
    endloop
  endfacet
  facet normal 0.902032 -0 0.431669
    outer loop
      vertex 41.3928 -64 129.418
      vertex 41.5646 -58.5 129.059
      vertex 41.3928 -58.5 129.418
    endloop
  endfacet
  facet normal 0.902032 0 0.431669
    outer loop
      vertex 41.5646 -58.5 129.059
      vertex 41.3928 -64 129.418
      vertex 41.5646 -64 129.059
    endloop
  endfacet
  facet normal -0.977839 0 -0.209358
    outer loop
      vertex 57.4981 -64 134.485
      vertex 57.4146 -58.5 134.875
      vertex 57.4981 -58.5 134.485
    endloop
  endfacet
  facet normal -0.977839 -0 -0.209358
    outer loop
      vertex 57.4146 -58.5 134.875
      vertex 57.4981 -64 134.485
      vertex 57.4146 -64 134.875
    endloop
  endfacet
  facet normal -0.74641 0 0.665486
    outer loop
      vertex 55.3652 -64 127.105
      vertex 55.63 -58.5 127.402
      vertex 55.3652 -58.5 127.105
    endloop
  endfacet
  facet normal -0.74641 0 0.665486
    outer loop
      vertex 55.63 -58.5 127.402
      vertex 55.3652 -64 127.105
      vertex 55.63 -64 127.402
    endloop
  endfacet
  facet normal 0.7778 0 -0.628512
    outer loop
      vertex 42.6643 -64 138.398
      vertex 42.4138 -58.5 138.088
      vertex 42.6643 -58.5 138.398
    endloop
  endfacet
  facet normal 0.7778 0 -0.628512
    outer loop
      vertex 42.4138 -58.5 138.088
      vertex 42.6643 -64 138.398
      vertex 42.4138 -64 138.088
    endloop
  endfacet
  facet normal -0.938741 0 -0.344623
    outer loop
      vertex 57.1934 -64 135.64
      vertex 57.0561 -58.5 136.014
      vertex 57.1934 -58.5 135.64
    endloop
  endfacet
  facet normal -0.938741 -0 -0.344623
    outer loop
      vertex 57.0561 -58.5 136.014
      vertex 57.1934 -64 135.64
      vertex 57.0561 -64 136.014
    endloop
  endfacet
  facet normal -0.230942 0 0.972968
    outer loop
      vertex 50.9274 -58.5 124.589
      vertex 51.315 -64 124.681
      vertex 51.315 -58.5 124.681
    endloop
  endfacet
  facet normal -0.230942 0 0.972968
    outer loop
      vertex 51.315 -64 124.681
      vertex 50.9274 -58.5 124.589
      vertex 50.9274 -64 124.589
    endloop
  endfacet
  facet normal 0.997534 -0 0.0701783
    outer loop
      vertex 40.6565 -64 132.502
      vertex 40.6845 -58.5 132.104
      vertex 40.6565 -58.5 132.502
    endloop
  endfacet
  facet normal 0.997534 0 0.0701783
    outer loop
      vertex 40.6845 -58.5 132.104
      vertex 40.6565 -64 132.502
      vertex 40.6845 -64 132.104
    endloop
  endfacet
  facet normal 0.647066 0 0.762434
    outer loop
      vertex 43.4991 -58.5 126.548
      vertex 43.8031 -64 126.29
      vertex 43.8031 -58.5 126.29
    endloop
  endfacet
  facet normal 0.647066 0 0.762434
    outer loop
      vertex 43.8031 -64 126.29
      vertex 43.4991 -58.5 126.548
      vertex 43.4991 -64 126.548
    endloop
  endfacet
  facet normal 0.707791 0 -0.706422
    outer loop
      vertex 49.1421 -64 144.926
      vertex 43.2076 -58.5 138.98
      vertex 49.1421 -58.5 144.926
    endloop
  endfacet
  facet normal 0.707791 0 -0.706422
    outer loop
      vertex 43.2076 -58.5 138.98
      vertex 49.1421 -64 144.926
      vertex 43.2076 -64 138.98
    endloop
  endfacet
  facet normal -0.806803 0 0.59082
    outer loop
      vertex 55.8805 -64 127.712
      vertex 56.1163 -58.5 128.034
      vertex 55.8805 -58.5 127.712
    endloop
  endfacet
  facet normal -0.806803 0 0.59082
    outer loop
      vertex 56.1163 -58.5 128.034
      vertex 55.8805 -64 127.712
      vertex 56.1163 -64 128.034
    endloop
  endfacet
  facet normal -0.64719 0 0.762329
    outer loop
      vertex 54.4912 -58.5 126.29
      vertex 54.7951 -64 126.548
      vertex 54.7951 -58.5 126.548
    endloop
  endfacet
  facet normal -0.64719 0 0.762329
    outer loop
      vertex 54.7951 -64 126.548
      vertex 54.4912 -58.5 126.29
      vertex 54.4912 -64 126.29
    endloop
  endfacet
  facet normal 0.40907 0 0.912503
    outer loop
      vertex 45.4848 -58.5 125.229
      vertex 45.8484 -64 125.066
      vertex 45.8484 -58.5 125.066
    endloop
  endfacet
  facet normal 0.40907 0 0.912503
    outer loop
      vertex 45.8484 -64 125.066
      vertex 45.4848 -58.5 125.229
      vertex 45.4848 -64 125.229
    endloop
  endfacet
  facet normal 0.230942 0 0.972968
    outer loop
      vertex 46.9793 -58.5 124.681
      vertex 47.3669 -64 124.589
      vertex 47.3669 -58.5 124.589
    endloop
  endfacet
  facet normal 0.230942 0 0.972968
    outer loop
      vertex 47.3669 -64 124.589
      vertex 46.9793 -58.5 124.681
      vertex 46.9793 -64 124.681
    endloop
  endfacet
  facet normal 0.993147 -0 0.11687
    outer loop
      vertex 40.6845 -64 132.104
      vertex 40.7311 -58.5 131.708
      vertex 40.6845 -58.5 132.104
    endloop
  endfacet
  facet normal 0.993147 0 0.11687
    outer loop
      vertex 40.7311 -58.5 131.708
      vertex 40.6845 -64 132.104
      vertex 40.7311 -64 131.708
    endloop
  endfacet
  facet normal -0.707785 0 -0.706428
    outer loop
      vertex 55.0867 -64 138.98
      vertex 49.1521 -58.5 144.926
      vertex 55.0867 -58.5 138.98
    endloop
  endfacet
  facet normal -0.707785 -0 -0.706428
    outer loop
      vertex 49.1521 -58.5 144.926
      vertex 55.0867 -64 138.98
      vertex 49.1521 -64 144.926
    endloop
  endfacet
  facet normal -0.858156 0 0.513388
    outer loop
      vertex 56.3367 -64 128.366
      vertex 56.5413 -58.5 128.708
      vertex 56.3367 -58.5 128.366
    endloop
  endfacet
  facet normal -0.858156 0 0.513388
    outer loop
      vertex 56.5413 -58.5 128.708
      vertex 56.3367 -64 128.366
      vertex 56.5413 -64 128.708
    endloop
  endfacet
  facet normal -0.921857 0 -0.387531
    outer loop
      vertex 57.0561 -64 136.014
      vertex 56.9014 -58.5 136.382
      vertex 57.0561 -58.5 136.014
    endloop
  endfacet
  facet normal -0.921857 -0 -0.387531
    outer loop
      vertex 56.9014 -58.5 136.382
      vertex 57.0561 -64 136.014
      vertex 56.9014 -64 136.382
    endloop
  endfacet
  facet normal -0.453719 0 0.891145
    outer loop
      vertex 52.8095 -58.5 125.229
      vertex 53.165 -64 125.41
      vertex 53.165 -58.5 125.41
    endloop
  endfacet
  facet normal -0.453719 0 0.891145
    outer loop
      vertex 53.165 -64 125.41
      vertex 52.8095 -58.5 125.229
      vertex 52.8095 -64 125.229
    endloop
  endfacet
  facet normal -0.492132 0 0.870521
    outer loop
      vertex 53.165 -58.5 125.41
      vertex 53.5117 -64 125.606
      vertex 53.5117 -58.5 125.606
    endloop
  endfacet
  facet normal -0.492132 0 0.870521
    outer loop
      vertex 53.5117 -64 125.606
      vertex 53.165 -58.5 125.41
      vertex 53.165 -64 125.41
    endloop
  endfacet
  facet normal -0.966899 0 0.255161
    outer loop
      vertex 57.313 -64 130.54
      vertex 57.4146 -58.5 130.925
      vertex 57.313 -58.5 130.54
    endloop
  endfacet
  facet normal -0.966899 0 0.255161
    outer loop
      vertex 57.4146 -58.5 130.925
      vertex 57.313 -64 130.54
      vertex 57.4146 -64 130.925
    endloop
  endfacet
  facet normal 0.715216 0 -0.698904
    outer loop
      vertex 43.2076 -64 138.98
      vertex 42.9291 -58.5 138.695
      vertex 43.2076 -58.5 138.98
    endloop
  endfacet
  facet normal 0.715216 0 -0.698904
    outer loop
      vertex 42.9291 -58.5 138.695
      vertex 43.2076 -64 138.98
      vertex 42.9291 -64 138.695
    endloop
  endfacet
  facet normal 0.715216 -0 0.698904
    outer loop
      vertex 42.9291 -64 127.105
      vertex 43.2076 -58.5 126.82
      vertex 42.9291 -58.5 127.105
    endloop
  endfacet
  facet normal 0.715216 0 0.698904
    outer loop
      vertex 43.2076 -58.5 126.82
      vertex 42.9291 -64 127.105
      vertex 43.2076 -64 126.82
    endloop
  endfacet
  facet normal -0.572299 0 0.820045
    outer loop
      vertex 53.8488 -58.5 125.819
      vertex 54.1755 -64 126.047
      vertex 54.1755 -58.5 126.047
    endloop
  endfacet
  facet normal -0.572299 0 0.820045
    outer loop
      vertex 54.1755 -64 126.047
      vertex 53.8488 -58.5 125.819
      vertex 53.8488 -64 125.819
    endloop
  endfacet
  facet normal 0.572299 0 0.820045
    outer loop
      vertex 44.1188 -58.5 126.047
      vertex 44.4455 -64 125.819
      vertex 44.4455 -58.5 125.819
    endloop
  endfacet
  facet normal 0.572299 0 0.820045
    outer loop
      vertex 44.4455 -64 125.819
      vertex 44.1188 -58.5 126.047
      vertex 44.1188 -64 126.047
    endloop
  endfacet
  facet normal -0.83313 0 -0.553078
    outer loop
      vertex 56.3367 -64 137.434
      vertex 56.1163 -58.5 137.766
      vertex 56.3367 -58.5 137.434
    endloop
  endfacet
  facet normal -0.83313 -0 -0.553078
    outer loop
      vertex 56.1163 -58.5 137.766
      vertex 56.3367 -64 137.434
      vertex 56.1163 -64 137.766
    endloop
  endfacet
  facet normal -0.997534 0 0.0701783
    outer loop
      vertex 57.6098 -64 132.104
      vertex 57.6378 -58.5 132.502
      vertex 57.6098 -58.5 132.104
    endloop
  endfacet
  facet normal -0.997534 0 0.0701783
    outer loop
      vertex 57.6378 -58.5 132.502
      vertex 57.6098 -64 132.104
      vertex 57.6378 -64 132.502
    endloop
  endfacet
  facet normal -0.140543 0 0.990075
    outer loop
      vertex 50.1413 -58.5 124.458
      vertex 50.5358 -64 124.514
      vertex 50.5358 -58.5 124.514
    endloop
  endfacet
  facet normal -0.140543 0 0.990075
    outer loop
      vertex 50.5358 -64 124.514
      vertex 50.1413 -58.5 124.458
      vertex 50.1413 -64 124.458
    endloop
  endfacet
  facet normal -0.7778 0 0.628512
    outer loop
      vertex 55.63 -64 127.402
      vertex 55.8805 -58.5 127.712
      vertex 55.63 -58.5 127.402
    endloop
  endfacet
  facet normal -0.7778 0 0.628512
    outer loop
      vertex 55.8805 -58.5 127.712
      vertex 55.63 -64 127.402
      vertex 55.8805 -64 127.712
    endloop
  endfacet
  facet normal -0.0476724 0 0.998863
    outer loop
      vertex 49.3464 -58.5 124.402
      vertex 49.7445 -64 124.421
      vertex 49.7445 -58.5 124.421
    endloop
  endfacet
  facet normal -0.0476724 0 0.998863
    outer loop
      vertex 49.7445 -64 124.421
      vertex 49.3464 -58.5 124.402
      vertex 49.3464 -64 124.402
    endloop
  endfacet
  facet normal -0.682104 0 0.731255
    outer loop
      vertex 54.7951 -58.5 126.548
      vertex 55.0867 -64 126.82
      vertex 55.0867 -58.5 126.82
    endloop
  endfacet
  facet normal -0.682104 0 0.731255
    outer loop
      vertex 55.0867 -64 126.82
      vertex 54.7951 -58.5 126.548
      vertex 54.7951 -64 126.548
    endloop
  endfacet
  facet normal -0.999727 0 0.0233605
    outer loop
      vertex 57.6378 -64 132.502
      vertex 57.6471 -58.5 132.9
      vertex 57.6378 -58.5 132.502
    endloop
  endfacet
  facet normal -0.999727 0 0.0233605
    outer loop
      vertex 57.6471 -58.5 132.9
      vertex 57.6378 -64 132.502
      vertex 57.6471 -64 132.9
    endloop
  endfacet
  facet normal 0.74641 0 -0.665486
    outer loop
      vertex 42.9291 -64 138.695
      vertex 42.6643 -58.5 138.398
      vertex 42.9291 -58.5 138.695
    endloop
  endfacet
  facet normal 0.74641 0 -0.665486
    outer loop
      vertex 42.6643 -58.5 138.398
      vertex 42.9291 -64 138.695
      vertex 42.6643 -64 138.398
    endloop
  endfacet
  facet normal 0 0 -1
    outer loop
      vertex 49.1421 -64 144.926
      vertex 49.1521 -58.5 144.926
      vertex 49.1521 -64 144.926
    endloop
  endfacet
  facet normal -0 0 -1
    outer loop
      vertex 49.1521 -58.5 144.926
      vertex 49.1421 -64 144.926
      vertex 49.1421 -58.5 144.926
    endloop
  endfacet
  facet normal 0.806803 -0 0.59082
    outer loop
      vertex 42.178 -64 128.034
      vertex 42.4138 -58.5 127.712
      vertex 42.178 -58.5 128.034
    endloop
  endfacet
  facet normal 0.806803 0 0.59082
    outer loop
      vertex 42.4138 -58.5 127.712
      vertex 42.178 -64 128.034
      vertex 42.4138 -64 127.712
    endloop
  endfacet
  facet normal 0.453719 0 0.891145
    outer loop
      vertex 45.1293 -58.5 125.41
      vertex 45.4848 -64 125.229
      vertex 45.4848 -58.5 125.229
    endloop
  endfacet
  facet normal 0.453719 0 0.891145
    outer loop
      vertex 45.4848 -64 125.229
      vertex 45.1293 -58.5 125.41
      vertex 45.1293 -64 125.41
    endloop
  endfacet
  facet normal 0.966899 -0 0.255161
    outer loop
      vertex 40.8797 -64 130.925
      vertex 40.9813 -58.5 130.54
      vertex 40.8797 -58.5 130.925
    endloop
  endfacet
  facet normal 0.966899 0 0.255161
    outer loop
      vertex 40.9813 -58.5 130.54
      vertex 40.8797 -64 130.925
      vertex 40.9813 -64 130.54
    endloop
  endfacet
  facet normal 0.0476724 0 0.998863
    outer loop
      vertex 48.5498 -58.5 124.421
      vertex 48.9479 -64 124.402
      vertex 48.9479 -58.5 124.402
    endloop
  endfacet
  facet normal 0.0476724 0 0.998863
    outer loop
      vertex 48.9479 -64 124.402
      vertex 48.5498 -58.5 124.421
      vertex 48.5498 -64 124.421
    endloop
  endfacet
  facet normal 0.0928432 0 0.995681
    outer loop
      vertex 48.153 -58.5 124.458
      vertex 48.5498 -64 124.421
      vertex 48.5498 -58.5 124.421
    endloop
  endfacet
  facet normal 0.0928432 0 0.995681
    outer loop
      vertex 48.5498 -64 124.421
      vertex 48.153 -58.5 124.458
      vertex 48.153 -64 124.458
    endloop
  endfacet
  facet normal 0.986556 -0 0.163422
    outer loop
      vertex 40.7311 -64 131.708
      vertex 40.7962 -58.5 131.315
      vertex 40.7311 -58.5 131.708
    endloop
  endfacet
  facet normal 0.986556 0 0.163422
    outer loop
      vertex 40.7962 -58.5 131.315
      vertex 40.7311 -64 131.708
      vertex 40.7962 -64 131.315
    endloop
  endfacet
  facet normal -0.881099 0 -0.472932
    outer loop
      vertex 56.7297 -64 136.741
      vertex 56.5413 -58.5 137.092
      vertex 56.7297 -58.5 136.741
    endloop
  endfacet
  facet normal -0.881099 -0 -0.472932
    outer loop
      vertex 56.5413 -58.5 137.092
      vertex 56.7297 -64 136.741
      vertex 56.5413 -64 137.092
    endloop
  endfacet
  facet normal -0.0928432 0 0.995681
    outer loop
      vertex 49.7445 -58.5 124.421
      vertex 50.1413 -64 124.458
      vertex 50.1413 -58.5 124.458
    endloop
  endfacet
  facet normal -0.0928432 0 0.995681
    outer loop
      vertex 50.1413 -64 124.458
      vertex 49.7445 -58.5 124.421
      vertex 49.7445 -64 124.421
    endloop
  endfacet
  facet normal -0.997534 0 -0.0701783
    outer loop
      vertex 57.6378 -64 133.298
      vertex 57.6098 -58.5 133.696
      vertex 57.6378 -58.5 133.298
    endloop
  endfacet
  facet normal -0.997534 -0 -0.0701783
    outer loop
      vertex 57.6098 -58.5 133.696
      vertex 57.6378 -64 133.298
      vertex 57.6098 -64 133.696
    endloop
  endfacet
  facet normal 0.953871 0 -0.300218
    outer loop
      vertex 41.1009 -64 135.64
      vertex 40.9813 -58.5 135.26
      vertex 41.1009 -58.5 135.64
    endloop
  endfacet
  facet normal 0.953871 0 -0.300218
    outer loop
      vertex 40.9813 -58.5 135.26
      vertex 41.1009 -64 135.64
      vertex 40.9813 -64 135.26
    endloop
  endfacet
  facet normal 0.938741 -0 0.344623
    outer loop
      vertex 41.1009 -64 130.16
      vertex 41.2382 -58.5 129.786
      vertex 41.1009 -58.5 130.16
    endloop
  endfacet
  facet normal 0.938741 0 0.344623
    outer loop
      vertex 41.2382 -58.5 129.786
      vertex 41.1009 -64 130.16
      vertex 41.2382 -64 129.786
    endloop
  endfacet
  facet normal -0.90213 0 0.431464
    outer loop
      vertex 56.7297 -64 129.059
      vertex 56.9014 -58.5 129.418
      vertex 56.7297 -58.5 129.059
    endloop
  endfacet
  facet normal -0.90213 0 0.431464
    outer loop
      vertex 56.9014 -58.5 129.418
      vertex 56.7297 -64 129.059
      vertex 56.9014 -64 129.418
    endloop
  endfacet
  facet normal 0.74641 -0 0.665486
    outer loop
      vertex 42.6643 -64 127.402
      vertex 42.9291 -58.5 127.105
      vertex 42.6643 -58.5 127.402
    endloop
  endfacet
  facet normal 0.74641 0 0.665486
    outer loop
      vertex 42.9291 -58.5 127.105
      vertex 42.6643 -64 127.402
      vertex 42.9291 -64 127.105
    endloop
  endfacet
  facet normal 0.966899 0 -0.255161
    outer loop
      vertex 40.9813 -64 135.26
      vertex 40.8797 -58.5 134.875
      vertex 40.9813 -58.5 135.26
    endloop
  endfacet
  facet normal 0.966899 0 -0.255161
    outer loop
      vertex 40.8797 -58.5 134.875
      vertex 40.9813 -64 135.26
      vertex 40.8797 -64 134.875
    endloop
  endfacet
  facet normal 0.7778 -0 0.628512
    outer loop
      vertex 42.4138 -64 127.712
      vertex 42.6643 -58.5 127.402
      vertex 42.4138 -58.5 127.712
    endloop
  endfacet
  facet normal 0.7778 0 0.628512
    outer loop
      vertex 42.6643 -58.5 127.402
      vertex 42.4138 -64 127.712
      vertex 42.6643 -64 127.402
    endloop
  endfacet
  facet normal -0.993147 0 -0.11687
    outer loop
      vertex 57.6098 -64 133.696
      vertex 57.5632 -58.5 134.092
      vertex 57.6098 -58.5 133.696
    endloop
  endfacet
  facet normal -0.993147 -0 -0.11687
    outer loop
      vertex 57.5632 -58.5 134.092
      vertex 57.6098 -64 133.696
      vertex 57.5632 -64 134.092
    endloop
  endfacet
  facet normal -0.74641 0 -0.665486
    outer loop
      vertex 55.63 -64 138.398
      vertex 55.3652 -58.5 138.695
      vertex 55.63 -58.5 138.398
    endloop
  endfacet
  facet normal -0.74641 -0 -0.665486
    outer loop
      vertex 55.3652 -58.5 138.695
      vertex 55.63 -64 138.398
      vertex 55.3652 -64 138.695
    endloop
  endfacet
  facet normal -0.986556 0 0.163422
    outer loop
      vertex 57.4981 -64 131.315
      vertex 57.5632 -58.5 131.708
      vertex 57.4981 -58.5 131.315
    endloop
  endfacet
  facet normal -0.986556 0 0.163422
    outer loop
      vertex 57.5632 -58.5 131.708
      vertex 57.4981 -64 131.315
      vertex 57.5632 -64 131.708
    endloop
  endfacet
  facet normal -0.953871 0 0.300218
    outer loop
      vertex 57.1934 -64 130.16
      vertex 57.313 -58.5 130.54
      vertex 57.1934 -58.5 130.16
    endloop
  endfacet
  facet normal -0.953871 0 0.300218
    outer loop
      vertex 57.313 -58.5 130.54
      vertex 57.1934 -64 130.16
      vertex 57.313 -64 130.54
    endloop
  endfacet
  facet normal 0.953871 -0 0.300218
    outer loop
      vertex 40.9813 -64 130.54
      vertex 41.1009 -58.5 130.16
      vertex 40.9813 -58.5 130.54
    endloop
  endfacet
  facet normal 0.953871 0 0.300218
    outer loop
      vertex 41.1009 -58.5 130.16
      vertex 40.9813 -64 130.54
      vertex 41.1009 -64 130.16
    endloop
  endfacet
  facet normal 0.858046 0 -0.513573
    outer loop
      vertex 41.9576 -64 137.434
      vertex 41.7529 -58.5 137.092
      vertex 41.9576 -58.5 137.434
    endloop
  endfacet
  facet normal 0.858046 0 -0.513573
    outer loop
      vertex 41.7529 -58.5 137.092
      vertex 41.9576 -64 137.434
      vertex 41.7529 -64 137.092
    endloop
  endfacet
  facet normal -0.715216 0 -0.698904
    outer loop
      vertex 55.3652 -64 138.695
      vertex 55.0867 -58.5 138.98
      vertex 55.3652 -58.5 138.695
    endloop
  endfacet
  facet normal -0.715216 -0 -0.698904
    outer loop
      vertex 55.0867 -58.5 138.98
      vertex 55.3652 -64 138.695
      vertex 55.0867 -64 138.98
    endloop
  endfacet
  facet normal 0.609953 0 0.792437
    outer loop
      vertex 43.8031 -58.5 126.29
      vertex 44.1188 -64 126.047
      vertex 44.1188 -58.5 126.047
    endloop
  endfacet
  facet normal 0.609953 0 0.792437
    outer loop
      vertex 44.1188 -64 126.047
      vertex 43.8031 -58.5 126.29
      vertex 43.8031 -64 126.29
    endloop
  endfacet
  facet normal -0.806803 0 -0.59082
    outer loop
      vertex 56.1163 -64 137.766
      vertex 55.8805 -58.5 138.088
      vertex 56.1163 -58.5 137.766
    endloop
  endfacet
  facet normal -0.806803 -0 -0.59082
    outer loop
      vertex 55.8805 -58.5 138.088
      vertex 56.1163 -64 137.766
      vertex 55.8805 -64 138.088
    endloop
  endfacet
  facet normal -0.938741 0 0.344623
    outer loop
      vertex 57.0561 -64 129.786
      vertex 57.1934 -58.5 130.16
      vertex 57.0561 -58.5 129.786
    endloop
  endfacet
  facet normal -0.938741 0 0.344623
    outer loop
      vertex 57.1934 -58.5 130.16
      vertex 57.0561 -64 129.786
      vertex 57.1934 -64 130.16
    endloop
  endfacet
  facet normal -0.977839 0 0.209358
    outer loop
      vertex 57.4146 -64 130.925
      vertex 57.4981 -58.5 131.315
      vertex 57.4146 -58.5 130.925
    endloop
  endfacet
  facet normal -0.977839 0 0.209358
    outer loop
      vertex 57.4981 -58.5 131.315
      vertex 57.4146 -64 130.925
      vertex 57.4981 -64 131.315
    endloop
  endfacet
  facet normal 0.881204 0 -0.472737
    outer loop
      vertex 41.7529 -64 137.092
      vertex 41.5646 -58.5 136.741
      vertex 41.7529 -58.5 137.092
    endloop
  endfacet
  facet normal 0.881204 0 -0.472737
    outer loop
      vertex 41.5646 -58.5 136.741
      vertex 41.7529 -64 137.092
      vertex 41.5646 -64 136.741
    endloop
  endfacet
  facet normal -0.83313 0 0.553078
    outer loop
      vertex 56.1163 -64 128.034
      vertex 56.3367 -58.5 128.366
      vertex 56.1163 -58.5 128.034
    endloop
  endfacet
  facet normal -0.83313 0 0.553078
    outer loop
      vertex 56.3367 -58.5 128.366
      vertex 56.1163 -64 128.034
      vertex 56.3367 -64 128.366
    endloop
  endfacet
  facet normal 0.83313 -0 0.553078
    outer loop
      vertex 41.9576 -64 128.366
      vertex 42.178 -58.5 128.034
      vertex 41.9576 -58.5 128.366
    endloop
  endfacet
  facet normal 0.83313 0 0.553078
    outer loop
      vertex 42.178 -58.5 128.034
      vertex 41.9576 -64 128.366
      vertex 42.178 -64 128.034
    endloop
  endfacet
  facet normal 0.27843 0 0.960457
    outer loop
      vertex 46.5964 -58.5 124.792
      vertex 46.9793 -64 124.681
      vertex 46.9793 -58.5 124.681
    endloop
  endfacet
  facet normal 0.27843 0 0.960457
    outer loop
      vertex 46.9793 -64 124.681
      vertex 46.5964 -58.5 124.792
      vertex 46.5964 -64 124.792
    endloop
  endfacet
  facet normal -0.966899 0 -0.255161
    outer loop
      vertex 57.4146 -64 134.875
      vertex 57.313 -58.5 135.26
      vertex 57.4146 -58.5 134.875
    endloop
  endfacet
  facet normal -0.966899 -0 -0.255161
    outer loop
      vertex 57.313 -58.5 135.26
      vertex 57.4146 -64 134.875
      vertex 57.313 -64 135.26
    endloop
  endfacet
  facet normal 0.492132 0 0.870521
    outer loop
      vertex 44.7826 -58.5 125.606
      vertex 45.1293 -64 125.41
      vertex 45.1293 -58.5 125.41
    endloop
  endfacet
  facet normal 0.492132 0 0.870521
    outer loop
      vertex 45.1293 -64 125.41
      vertex 44.7826 -58.5 125.606
      vertex 44.7826 -64 125.606
    endloop
  endfacet
  facet normal -0.366367 0 0.930471
    outer loop
      vertex 52.0751 -58.5 124.92
      vertex 52.4459 -64 125.066
      vertex 52.4459 -58.5 125.066
    endloop
  endfacet
  facet normal -0.366367 0 0.930471
    outer loop
      vertex 52.4459 -64 125.066
      vertex 52.0751 -58.5 124.92
      vertex 52.0751 -64 124.92
    endloop
  endfacet
  facet normal -0.986556 0 -0.163422
    outer loop
      vertex 57.5632 -64 134.092
      vertex 57.4981 -58.5 134.485
      vertex 57.5632 -58.5 134.092
    endloop
  endfacet
  facet normal -0.986556 -0 -0.163422
    outer loop
      vertex 57.4981 -58.5 134.485
      vertex 57.5632 -64 134.092
      vertex 57.4981 -64 134.485
    endloop
  endfacet
  facet normal 0.321345 0 0.946962
    outer loop
      vertex 46.2192 -58.5 124.92
      vertex 46.5964 -64 124.792
      vertex 46.5964 -58.5 124.792
    endloop
  endfacet
  facet normal 0.321345 0 0.946962
    outer loop
      vertex 46.5964 -64 124.792
      vertex 46.2192 -58.5 124.92
      vertex 46.2192 -64 124.92
    endloop
  endfacet
  facet normal 0.858046 -0 0.513573
    outer loop
      vertex 41.7529 -64 128.708
      vertex 41.9576 -58.5 128.366
      vertex 41.7529 -58.5 128.708
    endloop
  endfacet
  facet normal 0.858046 0 0.513573
    outer loop
      vertex 41.9576 -58.5 128.366
      vertex 41.7529 -64 128.708
      vertex 41.9576 -64 128.366
    endloop
  endfacet
  facet normal -0.881099 0 0.472932
    outer loop
      vertex 56.5413 -64 128.708
      vertex 56.7297 -58.5 129.059
      vertex 56.5413 -58.5 128.708
    endloop
  endfacet
  facet normal -0.881099 0 0.472932
    outer loop
      vertex 56.7297 -58.5 129.059
      vertex 56.5413 -64 128.708
      vertex 56.7297 -64 129.059
    endloop
  endfacet
  facet normal 0.140508 0 0.99008
    outer loop
      vertex 47.7584 -58.5 124.514
      vertex 48.153 -64 124.458
      vertex 48.153 -58.5 124.458
    endloop
  endfacet
  facet normal 0.140508 0 0.99008
    outer loop
      vertex 48.153 -64 124.458
      vertex 47.7584 -58.5 124.514
      vertex 47.7584 -64 124.514
    endloop
  endfacet
  facet normal 0.682229 0 0.731139
    outer loop
      vertex 43.2076 -58.5 126.82
      vertex 43.4991 -64 126.548
      vertex 43.4991 -58.5 126.548
    endloop
  endfacet
  facet normal 0.682229 0 0.731139
    outer loop
      vertex 43.4991 -64 126.548
      vertex 43.2076 -58.5 126.82
      vertex 43.2076 -64 126.82
    endloop
  endfacet
  facet normal 0.18815 0 0.98214
    outer loop
      vertex 47.3669 -58.5 124.589
      vertex 47.7584 -64 124.514
      vertex 47.7584 -58.5 124.514
    endloop
  endfacet
  facet normal 0.18815 0 0.98214
    outer loop
      vertex 47.7584 -64 124.514
      vertex 47.3669 -58.5 124.589
      vertex 47.3669 -64 124.589
    endloop
  endfacet
  facet normal 0.881204 -0 0.472737
    outer loop
      vertex 41.5646 -64 129.059
      vertex 41.7529 -58.5 128.708
      vertex 41.5646 -58.5 129.059
    endloop
  endfacet
  facet normal 0.881204 0 0.472737
    outer loop
      vertex 41.7529 -58.5 128.708
      vertex 41.5646 -64 129.059
      vertex 41.7529 -64 128.708
    endloop
  endfacet
  facet normal -0 0 1
    outer loop
      vertex 48.9479 -58.5 124.402
      vertex 49.3464 -64 124.402
      vertex 49.3464 -58.5 124.402
    endloop
  endfacet
  facet normal 0 0 1
    outer loop
      vertex 49.3464 -64 124.402
      vertex 48.9479 -58.5 124.402
      vertex 48.9479 -64 124.402
    endloop
  endfacet
  facet normal -0.609953 0 0.792437
    outer loop
      vertex 54.1755 -58.5 126.047
      vertex 54.4912 -64 126.29
      vertex 54.4912 -58.5 126.29
    endloop
  endfacet
  facet normal -0.609953 0 0.792437
    outer loop
      vertex 54.4912 -64 126.29
      vertex 54.1755 -58.5 126.047
      vertex 54.1755 -64 126.047
    endloop
  endfacet
  facet normal -0.7778 0 -0.628512
    outer loop
      vertex 55.8805 -64 138.088
      vertex 55.63 -58.5 138.398
      vertex 55.8805 -58.5 138.088
    endloop
  endfacet
  facet normal -0.7778 -0 -0.628512
    outer loop
      vertex 55.63 -58.5 138.398
      vertex 55.8805 -64 138.088
      vertex 55.63 -64 138.398
    endloop
  endfacet
  facet normal -0.858156 0 -0.513388
    outer loop
      vertex 56.5413 -64 137.092
      vertex 56.3367 -58.5 137.434
      vertex 56.5413 -58.5 137.092
    endloop
  endfacet
  facet normal -0.858156 -0 -0.513388
    outer loop
      vertex 56.3367 -58.5 137.434
      vertex 56.5413 -64 137.092
      vertex 56.3367 -64 137.434
    endloop
  endfacet
  facet normal -0.90213 0 -0.431464
    outer loop
      vertex 56.9014 -64 136.382
      vertex 56.7297 -58.5 136.741
      vertex 56.9014 -58.5 136.382
    endloop
  endfacet
  facet normal -0.90213 -0 -0.431464
    outer loop
      vertex 56.7297 -58.5 136.741
      vertex 56.9014 -64 136.382
      vertex 56.7297 -64 136.741
    endloop
  endfacet
  facet normal 0.977839 -0 0.209358
    outer loop
      vertex 40.7962 -64 131.315
      vertex 40.8797 -58.5 130.925
      vertex 40.7962 -58.5 131.315
    endloop
  endfacet
  facet normal 0.977839 0 0.209358
    outer loop
      vertex 40.8797 -58.5 130.925
      vertex 40.7962 -64 131.315
      vertex 40.8797 -64 130.925
    endloop
  endfacet
  facet normal -0.27843 0 0.960457
    outer loop
      vertex 51.315 -58.5 124.681
      vertex 51.6979 -64 124.792
      vertex 51.6979 -58.5 124.792
    endloop
  endfacet
  facet normal -0.27843 0 0.960457
    outer loop
      vertex 51.6979 -64 124.792
      vertex 51.315 -58.5 124.681
      vertex 51.315 -64 124.681
    endloop
  endfacet
  facet normal -0.999727 0 -0.0233605
    outer loop
      vertex 57.6471 -64 132.9
      vertex 57.6378 -58.5 133.298
      vertex 57.6471 -58.5 132.9
    endloop
  endfacet
  facet normal -0.999727 -0 -0.0233605
    outer loop
      vertex 57.6378 -58.5 133.298
      vertex 57.6471 -64 132.9
      vertex 57.6378 -64 133.298
    endloop
  endfacet
  facet normal -0.921857 0 0.387531
    outer loop
      vertex 56.9014 -64 129.418
      vertex 57.0561 -58.5 129.786
      vertex 56.9014 -58.5 129.418
    endloop
  endfacet
  facet normal -0.921857 0 0.387531
    outer loop
      vertex 57.0561 -58.5 129.786
      vertex 56.9014 -64 129.418
      vertex 57.0561 -64 129.786
    endloop
  endfacet
  facet normal 0.534163 0 0.845382
    outer loop
      vertex 44.4455 -58.5 125.819
      vertex 44.7826 -64 125.606
      vertex 44.7826 -58.5 125.606
    endloop
  endfacet
  facet normal 0.534163 0 0.845382
    outer loop
      vertex 44.7826 -64 125.606
      vertex 44.4455 -58.5 125.819
      vertex 44.4455 -64 125.819
    endloop
  endfacet
  facet normal 0.902032 0 -0.431669
    outer loop
      vertex 41.5646 -64 136.741
      vertex 41.3928 -58.5 136.382
      vertex 41.5646 -58.5 136.741
    endloop
  endfacet
  facet normal 0.902032 0 -0.431669
    outer loop
      vertex 41.3928 -58.5 136.382
      vertex 41.5646 -64 136.741
      vertex 41.3928 -64 136.382
    endloop
  endfacet
  facet normal 0.977839 0 -0.209358
    outer loop
      vertex 40.8797 -64 134.875
      vertex 40.7962 -58.5 134.485
      vertex 40.8797 -58.5 134.875
    endloop
  endfacet
  facet normal 0.977839 0 -0.209358
    outer loop
      vertex 40.7962 -58.5 134.485
      vertex 40.8797 -64 134.875
      vertex 40.7962 -64 134.485
    endloop
  endfacet
  facet normal 0.366367 0 0.930471
    outer loop
      vertex 45.8484 -58.5 125.066
      vertex 46.2192 -64 124.92
      vertex 46.2192 -58.5 124.92
    endloop
  endfacet
  facet normal 0.366367 0 0.930471
    outer loop
      vertex 46.2192 -64 124.92
      vertex 45.8484 -58.5 125.066
      vertex 45.8484 -64 125.066
    endloop
  endfacet
  facet normal 0.921946 -0 0.387318
    outer loop
      vertex 41.2382 -64 129.786
      vertex 41.3928 -58.5 129.418
      vertex 41.2382 -58.5 129.786
    endloop
  endfacet
  facet normal 0.921946 0 0.387318
    outer loop
      vertex 41.3928 -58.5 129.418
      vertex 41.2382 -64 129.786
      vertex 41.3928 -64 129.418
    endloop
  endfacet
  facet normal 0.938741 0 -0.344623
    outer loop
      vertex 41.2382 -64 136.014
      vertex 41.1009 -58.5 135.64
      vertex 41.2382 -58.5 136.014
    endloop
  endfacet
  facet normal 0.938741 0 -0.344623
    outer loop
      vertex 41.1009 -58.5 135.64
      vertex 41.2382 -64 136.014
      vertex 41.1009 -64 135.64
    endloop
  endfacet
  facet normal 0.806803 0 -0.59082
    outer loop
      vertex 42.4138 -64 138.088
      vertex 42.178 -58.5 137.766
      vertex 42.4138 -58.5 138.088
    endloop
  endfacet
  facet normal 0.806803 0 -0.59082
    outer loop
      vertex 42.178 -58.5 137.766
      vertex 42.4138 -64 138.088
      vertex 42.178 -64 137.766
    endloop
  endfacet
  facet normal -0.321345 0 0.946962
    outer loop
      vertex 51.6979 -58.5 124.792
      vertex 52.0751 -64 124.92
      vertex 52.0751 -58.5 124.92
    endloop
  endfacet
  facet normal -0.321345 0 0.946962
    outer loop
      vertex 52.0751 -64 124.92
      vertex 51.6979 -58.5 124.792
      vertex 51.6979 -64 124.792
    endloop
  endfacet
  facet normal 0.83313 0 -0.553078
    outer loop
      vertex 42.178 -64 137.766
      vertex 41.9576 -58.5 137.434
      vertex 42.178 -58.5 137.766
    endloop
  endfacet
  facet normal 0.83313 0 -0.553078
    outer loop
      vertex 41.9576 -58.5 137.434
      vertex 42.178 -64 137.766
      vertex 41.9576 -64 137.434
    endloop
  endfacet
  facet normal 0.993147 0 -0.11687
    outer loop
      vertex 40.7311 -64 134.092
      vertex 40.6845 -58.5 133.696
      vertex 40.7311 -58.5 134.092
    endloop
  endfacet
  facet normal 0.993147 0 -0.11687
    outer loop
      vertex 40.6845 -58.5 133.696
      vertex 40.7311 -64 134.092
      vertex 40.6845 -64 133.696
    endloop
  endfacet
  facet normal 0.986556 0 -0.163422
    outer loop
      vertex 40.7962 -64 134.485
      vertex 40.7311 -58.5 134.092
      vertex 40.7962 -58.5 134.485
    endloop
  endfacet
  facet normal 0.986556 0 -0.163422
    outer loop
      vertex 40.7311 -58.5 134.092
      vertex 40.7962 -64 134.485
      vertex 40.7311 -64 134.092
    endloop
  endfacet
endsolid OpenSCAD_Model
